convention,roi,condition,gap,boot_lo,boot_hi,seed_t_lo,seed_t_hi,seeds_positive,minus_native,minus_native_lo,minus_native_hi
persub,V1,NATIVE_224,0.030445937983289578,0.01814899493637817,0.0422934415076323,0.018154060340459337,0.04273781562611982,5,0.0,0.0,0.0
persub,V1,blur_r32,0.036537033113102954,0.02453410436056739,0.048464137733825616,0.027932101189142813,0.045141965037063095,5,0.0060910951298133766,0.0028841096883470774,0.009773890750635162
persub,V1,blur_r64,0.039784141675924936,0.02719206703037092,0.05215198627798649,0.03017704161192158,0.04939124173992829,5,0.009338203692635359,0.00599825035470963,0.013262202947687648
persub,V1,blur_r96,0.04085134557522357,0.02795004356367521,0.05352372536790938,0.030490303175347035,0.051212387975100096,5,0.01040540759193399,0.007233646882803235,0.01415550231050289
persub,V1,blur_r128,0.0403227603729147,0.02745005411242215,0.05321496873662254,0.029315891900145104,0.05132962884568429,5,0.00987682238962512,0.00705747228280926,0.013217528822160145
persub,V1,blur_r160,0.03835333099282075,0.025563006667072476,0.051175695644568746,0.026766035327094255,0.04994062665854724,5,0.00790739300953117,0.005712599552301673,0.01039663142964113
persub,V1,UPSAMPLED_224,0.03468056701421488,0.02288015148463428,0.04635325165000247,0.026483630960821587,0.04287750306760818,5,0.004234629030925304,0.0010884787586482453,0.007968243735729809
persub,LOC,NATIVE_224,0.011279681790422574,0.002501847517632417,0.021007282888151034,0.009538092394894076,0.013021271185951073,5,0.0,0.0,0.0
persub,LOC,blur_r32,0.002506888550898399,-0.003685800615314201,0.009079240290092844,0.0020761677226310248,0.0029376093791657733,5,-0.008772793239524176,-0.01653381437015119,-0.00185303160435611
persub,LOC,blur_r64,0.0038497856876417726,-0.0024811330467161513,0.01104870774055025,0.0033354498004366626,0.004364121574846882,5,-0.007429896102780801,-0.013932997532013991,-0.0014091981406110607
persub,LOC,blur_r96,0.005545716699283378,-0.0014244096128664078,0.013457210240628676,0.004933385284781581,0.006158048113785174,5,-0.005733965091139197,-0.010903658684735385,-0.000702950347375046
persub,LOC,blur_r128,0.00713969983802923,-0.00022223803930831665,0.015883360042575748,0.0065134991339095855,0.007765900542148875,5,-0.004139981952393344,-0.007880140313446707,-0.0003897219768350031
persub,LOC,blur_r160,0.008698645100540895,0.0007163271265842618,0.01772635083148983,0.007804056017093683,0.009593234183988105,5,-0.0025810366898816797,-0.005016718071298951,-0.0002325024219519358
persub,LOC,UPSAMPLED_224,0.002557685608814967,-0.003561015934221944,0.008890546509574049,0.0019382214331590732,0.0031771497844708604,5,-0.008721996181607607,-0.016510176518130564,-0.0013237042848487552
meanrdm,V1,NATIVE_224,0.04201495410188578,0.023931881383559873,0.05933230898357474,0.024643967190506273,0.05938594101326528,5,0.0,0.0,0.0
meanrdm,V1,blur_r32,0.05164373800712192,0.03408032859678692,0.06894648315344273,0.03975424412099625,0.0635332318932476,5,0.009628783905236145,0.004867189935410023,0.015137165016054919
meanrdm,V1,blur_r64,0.0561688369533405,0.03803260260104465,0.07422439633151359,0.042827599365293186,0.0695100745413878,5,0.014153882851454719,0.009256925798382705,0.02005378425724533
meanrdm,V1,blur_r96,0.057570934142549504,0.038838999683773925,0.07629280227797866,0.043095245350212905,0.0720466229348861,5,0.015555980040663726,0.01079609506867246,0.021103244747928008
meanrdm,V1,blur_r128,0.05667130098627132,0.03805031322484795,0.07544159625380249,0.04121638717514611,0.07212621479739653,5,0.014656346884385545,0.010512251346040342,0.019595614604964805
meanrdm,V1,blur_r160,0.053687395425955686,0.03505735951256521,0.07241115706505481,0.03735964168844892,0.07001514916346245,5,0.011672441324069908,0.008521007932220681,0.015351188307725569
meanrdm,V1,UPSAMPLED_224,0.04904127678768777,0.031774135360691444,0.06616951575423935,0.03771154474947178,0.06037100882590376,5,0.007026322685801993,0.0023729337132687056,0.012467505483176508
meanrdm,LOC,NATIVE_224,0.02088142058225504,0.005151082203456206,0.03776966189670887,0.01807952309287618,0.023683318071633902,5,0.0,0.0,0.0
meanrdm,LOC,blur_r32,0.00489005694954492,-0.0060104596625975,0.01651130552846262,0.003992776647215819,0.005787337251874022,5,-0.015991363632710122,-0.029288846767500463,-0.0036195878976844386
meanrdm,LOC,blur_r64,0.007575034254782396,-0.0035905850109877228,0.019431111558680707,0.006693051199453048,0.008457017310111744,5,-0.013306386327472644,-0.024552863906122553,-0.0028668197197181636
meanrdm,LOC,blur_r96,0.010720843270506692,-0.0012563715821871024,0.023930661475826853,0.009724693602105875,0.01171699293890751,5,-0.010160577311748348,-0.019045967129687813,-0.0016952426929746738
meanrdm,LOC,blur_r128,0.01362836608097616,0.0006276164257498441,0.028321402056245355,0.012564199231365081,0.014692532930587237,5,-0.007253054501278881,-0.013932066625758851,-0.000889574847449796
meanrdm,LOC,blur_r160,0.01638207768433786,0.002310126013412794,0.03194437126383276,0.014882423431383874,0.017881731937291846,5,-0.0044993428979171815,-0.008749590592323461,-0.0006123952709051795
meanrdm,LOC,UPSAMPLED_224,0.004777000083142249,-0.006050901654507584,0.016029669225057358,0.00355162169795583,0.0060023784683286684,5,-0.01610442049911279,-0.029796435113839934,-0.003050190569093764
