convention,roi,comparison,diff,boot_lo,boot_hi,seeds_positive
persub,V1,blur_r32 - NATIVE_224,0.006091095129813375,0.002884109688347074,0.009773890750635159,4
persub,V1,blur_r64 - NATIVE_224,0.009338203692635366,0.005998250354709632,0.013262202947687651,5
persub,V1,blur_r96 - NATIVE_224,0.01040540759193399,0.00723364688280323,0.014155502310502886,5
persub,V1,blur_r128 - NATIVE_224,0.009876822389625122,0.007057472282809259,0.01321752882216015,5
persub,V1,blur_r160 - NATIVE_224,0.007907393009531163,0.005712599552301676,0.010396631429641121,5
persub,V1,blur_r32 - UPSAMPLED_224,0.0018564660988880702,0.0013268108970943627,0.0024163803543148367,5
persub,V1,blur_r64 - UPSAMPLED_224,0.00510357466171006,0.003803962119387607,0.0064671090123653244,5
persub,V1,blur_r96 - UPSAMPLED_224,0.006170778561008685,0.004487126716701899,0.007992958131319148,5
persub,V1,blur_r128 - UPSAMPLED_224,0.005642193358699818,0.0036939387191190754,0.007618488884954739,5
persub,V1,blur_r160 - UPSAMPLED_224,0.0036727639786058594,0.0013650898575125836,0.0058552514125294755,4
persub,V1,blur_r96 - blur_r32,0.004314312462120615,0.0029342036544604136,0.005684813396872074,5
persub,V1,blur_r96 - blur_r160,0.002498014582402826,0.0013781442596842042,0.0038721235873096626,4
persub,LOC,blur_r32 - NATIVE_224,-0.008772793239524176,-0.01653381437015119,-0.00185303160435611,0
persub,LOC,blur_r64 - NATIVE_224,-0.007429896102780803,-0.01393299753201399,-0.0014091981406110612,0
persub,LOC,blur_r96 - NATIVE_224,-0.0057339650911391975,-0.010903658684735385,-0.0007029503473750462,0
persub,LOC,blur_r128 - NATIVE_224,-0.004139981952393344,-0.007880140313446705,-0.0003897219768350025,0
persub,LOC,blur_r160 - NATIVE_224,-0.00258103668988168,-0.005016718071298951,-0.0002325024219519369,0
persub,LOC,blur_r32 - UPSAMPLED_224,-5.079705791656798e-05,-0.0006672475768203425,0.0005606231831954067,1
persub,LOC,blur_r64 - UPSAMPLED_224,0.001292100078826806,-0.0009442059231045731,0.0036706360914281174,5
persub,LOC,blur_r96 - UPSAMPLED_224,0.00298803109046841,-0.0007505027778063226,0.00710419097458709,5
persub,LOC,blur_r128 - UPSAMPLED_224,0.004582014229214264,-0.0003436188937466355,0.009860479198383863,5
persub,LOC,blur_r160 - UPSAMPLED_224,0.006140959491725928,8.456143983671745e-05,0.012557273140476315,5
persub,LOC,blur_r96 - blur_r32,0.0030388281483849783,-0.00022357140802921447,0.006651120882609688,5
persub,LOC,blur_r96 - blur_r160,-0.0031529284012575174,-0.006225327194088676,-0.00015641151262036555,0
meanrdm,V1,blur_r32 - NATIVE_224,0.009628783905236148,0.004867189935410027,0.015137165016054928,4
meanrdm,V1,blur_r64 - NATIVE_224,0.014153882851454719,0.009256925798382698,0.02005378425724532,5
meanrdm,V1,blur_r96 - NATIVE_224,0.01555598004066372,0.010796095068672462,0.021103244747928022,5
meanrdm,V1,blur_r128 - NATIVE_224,0.014656346884385541,0.010512251346040346,0.019595614604964798,5
meanrdm,V1,blur_r160 - NATIVE_224,0.011672441324069905,0.008521007932220666,0.015351188307725566,5
meanrdm,V1,blur_r32 - UPSAMPLED_224,0.0026024612194341613,0.0017902085046397375,0.0034262502075341856,5
meanrdm,V1,blur_r64 - UPSAMPLED_224,0.007127560165652733,0.005240262000409893,0.009181298059637043,5
meanrdm,V1,blur_r96 - UPSAMPLED_224,0.008529657354861733,0.006024488493166336,0.011299475565207733,5
meanrdm,V1,blur_r128 - UPSAMPLED_224,0.007630024198583554,0.004640549323979974,0.01073055337209784,5
meanrdm,V1,blur_r160 - UPSAMPLED_224,0.004646118638267918,0.0011477068257601329,0.007855895703784546,4
meanrdm,V1,blur_r96 - blur_r32,0.005927196135427572,0.0039036528868759625,0.008021167170017022,5
meanrdm,V1,blur_r96 - blur_r160,0.0038835387165938153,0.0021916972321031694,0.005993536034729301,4
meanrdm,LOC,blur_r32 - NATIVE_224,-0.015991363632710122,-0.029288846767500466,-0.003619587897684438,0
meanrdm,LOC,blur_r64 - NATIVE_224,-0.013306386327472644,-0.024552863906122557,-0.0028668197197181645,0
meanrdm,LOC,blur_r96 - NATIVE_224,-0.010160577311748346,-0.01904596712968781,-0.0016952426929746742,0
meanrdm,LOC,blur_r128 - NATIVE_224,-0.00725305450127888,-0.013932066625758847,-0.0008895748474497994,0
meanrdm,LOC,blur_r160 - NATIVE_224,-0.004499342897917178,-0.008749590592323456,-0.0006123952709051815,0
meanrdm,LOC,blur_r32 - UPSAMPLED_224,0.00011305686640267088,-0.0009544277353702801,0.0011635665714118252,2
meanrdm,LOC,blur_r64 - UPSAMPLED_224,0.0027980341716401474,-0.0009963255005381601,0.006826920807512267,5
meanrdm,LOC,blur_r96 - UPSAMPLED_224,0.005943843187364445,-0.0004735967545810076,0.012941733408172375,5
meanrdm,LOC,blur_r128 - UPSAMPLED_224,0.00885136599783391,0.0007274633335810915,0.017939979860845178,5
meanrdm,LOC,blur_r160 - UPSAMPLED_224,0.01160507760119561,0.0013736208979767289,0.02295789860108439,5
meanrdm,LOC,blur_r96 - blur_r32,0.005830786320961774,0.0001485048387181023,0.012033045851949684,5
meanrdm,LOC,blur_r96 - blur_r160,-0.0056612344138311675,-0.011140433020658846,-0.0006245946781446992,0
