convention,roi,res,diff,boot_lo,boot_hi,seed_lo,seed_hi,seeds_positive,diff_seed0,diff_seed1,diff_seed2,diff_seed3,diff_seed4
persub,V1,64,0.022590768708236397,0.017365235384025506,0.028020576718113626,0.016686263482391474,0.02849527393408132,5,0.023170781688163743,0.023861303453871364,0.015570187684573373,0.021580769071637196,0.028770801642936317
persub,V1,96,0.01830427789852823,0.013681669432704522,0.023300333823209163,0.011957829163740575,0.02465072663331589,5,0.017847692752762146,0.019968087200251318,0.011072046814904486,0.017375522413553758,0.02525804031116944
persub,V1,128,0.012838350587903108,0.008939726361251834,0.017441091855275453,0.006531511237907108,0.01914518993789911,5,0.01190684051724851,0.014873908255040542,0.005645822249023852,0.012146249279422584,0.019618932638780052
persub,V1,160,0.009586369243297668,0.005899812322547383,0.013760749271473841,0.003434007154480739,0.015738731332114595,5,0.008618008859353779,0.011644308171254475,0.002602710745839981,0.008866595902066999,0.01620022253797311
persub,V1,224,0.004234629030925305,0.0010884787586482453,0.007968243735729814,-0.0015243470514267384,0.009993605113277348,4,0.0029457184930497538,0.006604388685672858,-0.0022807703110987176,0.003669095461762785,0.010234712825239845
persub,LOC,64,-0.010783876463782465,-0.017470623124140546,-0.004332234702550643,-0.012056678932058978,-0.009511073995505952,0,-0.011868715020957106,-0.010553338044592582,-0.0092646445337429,-0.011587502788660227,-0.01064518193095951
persub,LOC,96,-0.010527003436211609,-0.017780437903726066,-0.003479872673521374,-0.011829533977439195,-0.009224472894984022,0,-0.01131519791305976,-0.010000721461886927,-0.009048624243338948,-0.01167284682797143,-0.010597626734800976
persub,LOC,128,-0.00993935103575613,-0.017660282983659948,-0.002576517886233192,-0.0112305498291413,-0.00864815224237096,0,-0.01071603967508361,-0.009314663131891911,-0.008662169273594773,-0.011232635563792268,-0.009771247534418083
persub,LOC,160,-0.009688155052571687,-0.017394290833434186,-0.0022490694379211163,-0.010994332936042388,-0.008381977169100985,0,-0.010394217679228759,-0.008796643350036578,-0.008631548605234064,-0.011098287845486665,-0.009520077782872368
persub,LOC,224,-0.008721996181607608,-0.01651017651813056,-0.001323704284848755,-0.010038555285943569,-0.007405437077271647,0,-0.009228933058727014,-0.007800010263602154,-0.007819490212085816,-0.010304776997342422,-0.008456770376280637
meanrdm,V1,64,0.033218189794158935,0.025488221362069165,0.041217313297120424,0.02452952881042102,0.041906850777896854,5,0.034062981281589286,0.035137584309075785,0.022852458173183203,0.03176884740984704,0.04226907779709936
meanrdm,V1,96,0.027245968740201486,0.020345485459642775,0.03468570534559054,0.017906596903333412,0.03658534057706956,5,0.026570395979511295,0.02975518361262991,0.016570970533835216,0.025900000548877096,0.03743329302615392
meanrdm,V1,128,0.019475686808687914,0.01364696624520686,0.026569636829111353,0.010185722716613343,0.028765650900762486,5,0.018083959962386653,0.02254250473925004,0.008862233843069577,0.018468624495390544,0.029421111003342763
meanrdm,V1,160,0.014802412894143014,0.009179208260820878,0.02129102584932359,0.005734704555284152,0.023870121233001876,5,0.01335687954554135,0.01789119183517742,0.004497198900370938,0.013748923065331084,0.024517871124294273
meanrdm,V1,224,0.007026322685801986,0.0023729337132687043,0.012467505483176515,-0.0014707661733086713,0.015523411544912644,4,0.005113490184082747,0.010568206004483348,-0.0025921095328239885,0.006189334994585224,0.0158526917786826
meanrdm,LOC,64,-0.019058554288515075,-0.03088231347969059,-0.008311918113174117,-0.021182806711725403,-0.016934301865304747,0,-0.02091626699263233,-0.018844571592296952,-0.016458108410042135,-0.02024070217637784,-0.018833122271226115
meanrdm,LOC,96,-0.018942929714340064,-0.03163287384317675,-0.006644946094700625,-0.020945904971294872,-0.016939954457385255,0,-0.020029071754398633,-0.018205268467036476,-0.01657596241551873,-0.02067512830286803,-0.019229217631878445
meanrdm,LOC,128,-0.018133691962270305,-0.031968929443751036,-0.005259540711556604,-0.020129092419000662,-0.01613829150553995,0,-0.01918575737274082,-0.01715054851278854,-0.01608827133619015,-0.02015146663449651,-0.018092415955135492
meanrdm,LOC,160,-0.017800237620679147,-0.03164983839524472,-0.004961061522264838,-0.019810667287203612,-0.015789807954154682,0,-0.018634958202930048,-0.01639110806325291,-0.016159911892939163,-0.02006105163202622,-0.017754158312247387
meanrdm,LOC,224,-0.01610442049911279,-0.029796435113839937,-0.003050190569093764,-0.01817074599901774,-0.014038094999207842,0,-0.01649958465213962,-0.014634846067415198,-0.014713903018638265,-0.018713549721333655,-0.01596021903603721
