convention,crossrun,res,gap,boot_lo,boot_hi,seed_lo,seed_hi,seeds_positive,v12_csv_meanrdm_allpairs,published_bnfix_sweep_meanrdm_allpairs
meanrdm,False,32,-0.0006141002287082267,-0.015041172787545253,0.013595883848849473,-0.020879030901673996,0.019650830444257545,3,-0.0006141999999999981,-0.0009440000000000004
meanrdm,False,64,0.013777183772347847,-0.0017587330185277737,0.02962298966840918,-0.006147384183172348,0.033701751727868046,3,0.0137774,0.013704400000000002
meanrdm,False,96,0.024856326887801553,0.00801946073037022,0.04142810377720299,0.005694388703902653,0.04401826507170045,5,0.024856400000000008,0.025010000000000004
meanrdm,False,128,0.03224080058094515,0.015143952430325035,0.049382148816905565,0.013611887257815938,0.05086971390407437,5,0.0322408,0.0325568
meanrdm,False,160,0.03661693072637871,0.019400563606902076,0.05365763867553321,0.018401813503356217,0.054832047949401205,5,0.0366172,0.037034399999999995
meanrdm,False,224,0.04349553354757351,0.02617994122524391,0.06088507890483075,0.025812240226844946,0.061178826868302075,5,0.043495599999999995,0.0440524
persub,False,32,0.00046950488857326194,-0.00907241345358591,0.010294836771265279,-0.013808714551996941,0.014747724329143466,3,-0.0006141999999999981,-0.0009440000000000004
persub,False,64,0.010824901826927507,0.00017387145716678663,0.021186723972666716,-0.003207183854260323,0.02485698750811534,4,0.0137774,0.013704400000000002
persub,False,96,0.01861119018808706,0.007194044173199822,0.02963653001786177,0.005098658930782384,0.03212372144539173,5,0.024856400000000008,0.025010000000000004
persub,False,128,0.023764546677519004,0.012220726048602934,0.03497208805561679,0.01061118164892519,0.03691791170611282,5,0.0322408,0.0325568
persub,False,160,0.026806706575099738,0.015205732666092918,0.03835440757248897,0.013933079169072576,0.0396803339811269,5,0.0366172,0.037034399999999995
persub,False,224,0.031523030970689675,0.019815528293560224,0.04362915111293941,0.01901137944116362,0.04403468250021573,5,0.043495599999999995,0.0440524
meanrdm,True,32,-0.0021605534875983,-0.0173622696070448,0.0117429911411856,-0.0222309852735391,0.0179098782983425,3,-0.0006141999999999981,-0.0009440000000000004
meanrdm,True,64,0.01235380907822,-0.0042414530630379,0.0281707194487946,-0.0073452230222093,0.0320528411786495,3,0.0137774,0.013704400000000002
meanrdm,True,96,0.0234208281532884,0.0063087489053005,0.0403934193534667,0.0045514604857066,0.0422901958208702,5,0.024856400000000008,0.025010000000000004
meanrdm,True,128,0.0307809139653126,0.0132749447688333,0.0478044403762433,0.0124488053353379,0.0491130225952873,5,0.0322408,0.0325568
meanrdm,True,160,0.0351374920812506,0.0175062690794638,0.0523304718166804,0.0172361587681282,0.0530388253943731,5,0.0366172,0.037034399999999995
meanrdm,True,224,0.0420149541018857,0.0239318813835598,0.0593323089835747,0.0246439671905062,0.0593859410132652,5,0.043495599999999995,0.0440524
persub,True,32,-0.0006896894642351,-0.0108676870283608,0.0090284247190994,-0.0148300810024489,0.0134507020739785,3,-0.0006141999999999981,-0.0009440000000000004
persub,True,64,0.0097417754277273,-0.0016256392344473,0.0205256124288086,-0.0041333165313875,0.0236168673868422,3,0.0137774,0.013704400000000002
persub,True,96,0.0175371690055593,0.0057197825367577,0.028763550033239,0.0042208782777574,0.0308534597333613,5,0.024856400000000008,0.025010000000000004
persub,True,128,0.0226881745180003,0.0106948446122087,0.0341865911050641,0.0097380547979922,0.0356382942380084,5,0.0322408,0.0325568
persub,True,160,0.0257261336408307,0.0135033747100153,0.0373628160125506,0.0130703172500906,0.0383819500315708,5,0.0366172,0.037034399999999995
persub,True,224,0.0304459379832895,0.0181489949363781,0.0422934415076323,0.0181540603404593,0.0427378156261198,5,0.043495599999999995,0.0440524
