convention,roi,condition,band,gap,boot_lo,boot_hi,seed_t_lo,seed_t_hi,seeds_positive,minus_native,minus_native_lo,minus_native_hi
persub,V1,native,all,0.030445937983289578,0.01814899493637817,0.0422934415076323,0.018154060340459337,0.04273781562611982,5,0.0,0.0,0.0
persub,V1,only,112-224,-0.006802725978775975,-0.02316871550486325,0.007084984673564161,-0.010443978640825947,-0.003161473316726003,0,-0.037248663962065554,-0.05617781712961181,-0.018770968385498743
persub,V1,notch,112-224,0.04076060650613068,0.02784159532435072,0.05357200193156027,0.030068313430292988,0.051452899581968366,5,0.0103146685228411,0.007260474945786929,0.013907989296635661
persub,V1,only,56-112,0.006083052332671276,-0.009538149791175862,0.01968230412098576,0.0007713710465218366,0.011394733618820716,5,-0.024362885650618303,-0.041388602690813715,-0.007225251869634755
persub,V1,notch,56-112,0.03444662292572735,0.022082822902686497,0.046479222951192674,0.023773852276596386,0.04511939357485832,5,0.0040006849424377745,0.002709439651029926,0.005456507864599782
persub,V1,only,28-56,0.010406429622650318,-0.002649491769396776,0.0226952171930843,0.004003201064558195,0.01680965818074244,5,-0.02003950836063926,-0.03542703914716555,-0.004524751695653188
persub,V1,notch,28-56,0.02688831720737417,0.014880449604807711,0.038497503040297164,0.015536024688444176,0.038240609726304164,5,-0.0035576207759154092,-0.004569269067174753,-0.0025818381193424477
persub,V1,only,14-28,0.018064834888565206,0.006131015239632166,0.030320863861039455,0.013538248571035978,0.022591421206094434,5,-0.012381103094724372,-0.02697118489224314,0.0030950559438451663
persub,V1,notch,14-28,0.02480056853399224,0.012787822384663666,0.036352143631808755,0.013079782531982236,0.03652135453600225,5,-0.005645369449297336,-0.007134787108389933,-0.004216475845494775
persub,V1,only,0-14,0.03297030198098914,0.021400977102438424,0.04428784589467796,0.025245912667961896,0.04069469129401638,5,0.00252436399769956,-0.0006791294935780643,0.006087502499561531
persub,V1,notch,0-14,-0.02058160083881819,-0.03468637052966494,-0.007031869006989687,-0.028970863568951753,-0.012192338108684626,0,-0.05102753882210777,-0.0670449279028828,-0.03414538029574766
persub,LOC,native,all,0.011279681790422574,0.002501847517632417,0.021007282888151034,0.009538092394894076,0.013021271185951073,5,0.0,0.0,0.0
persub,LOC,only,112-224,-0.0028482036912198675,-0.012125106662157764,0.006517882419803604,-0.004392165450648951,-0.001304241931790784,0,-0.014127885481642441,-0.023574248455428645,-0.0056774071375179265
persub,LOC,notch,112-224,0.006355393092778204,-0.00101295620829045,0.014706366462488669,0.005754866477882711,0.006955919707673698,5,-0.00492428869764437,-0.009252448608929683,-0.0005484121153583047
persub,LOC,only,56-112,0.0004326055797887222,-0.009201051415441978,0.010285378802770282,-0.0016782998805446206,0.002543511040122065,2,-0.010847076210633851,-0.019057198183075736,-0.002526429909613386
persub,LOC,notch,56-112,0.009493898373108826,0.0013859946161395296,0.01839251465257229,0.008160722637016116,0.010827074109201536,5,-0.0017857834173137486,-0.0038059690683499557,7.320771772228187e-05
persub,LOC,only,28-56,0.0014629445442622666,-0.007114233801634665,0.01095369258929754,-0.001222119570573988,0.004148008659098521,3,-0.009816737246160308,-0.01792569526275054,-0.001520598524647882
persub,LOC,notch,28-56,0.011427873265568331,0.00312504910474771,0.02043120221447857,0.009465861959317878,0.013389884571818784,5,0.00014819147514575672,-0.001229234010503743,0.001524152271540453
persub,LOC,only,14-28,0.00035205309453379877,-0.00727351166671524,0.007837588594717091,-0.002158215140487079,0.0028623213295546767,3,-0.010927628695888775,-0.019935588670206516,-0.0023913389742133964
persub,LOC,notch,14-28,0.011437973191639108,0.0028763310120085168,0.020790048046912715,0.009499044942880983,0.013376901440397233,5,0.0001582914012165336,-0.0007435118495087414,0.001082759165416379
persub,LOC,only,0-14,0.002285462543683987,-0.003948955675255469,0.00886746131834618,0.0014659373199534553,0.0031049877674145187,5,-0.008994219246738587,-0.016883658229189833,-0.0013066033697196266
persub,LOC,notch,0-14,0.0035617584669522017,-0.004930658314046923,0.012915822248206421,0.001131638012375764,0.005991878921528639,5,-0.007717923323470373,-0.01568588828075637,-0.00025802263303063415
meanrdm,V1,native,all,0.04201495410188578,0.023931881383559873,0.05933230898357474,0.024643967190506273,0.05938594101326528,5,0.0,0.0,0.0
meanrdm,V1,only,112-224,-0.015179854358446094,-0.039041443273860804,0.005444204902980553,-0.02041664036752826,-0.009943068349363926,0,-0.05719480846033187,-0.0856622848556419,-0.029996797392011873
meanrdm,V1,notch,112-224,0.057371862956901984,0.03859374976691118,0.0761984099342413,0.04239367396641175,0.07235005194739222,5,0.015356908855016206,0.01093281295324262,0.020716038844858724
meanrdm,V1,only,56-112,0.0039961381857102065,-0.019170723887085843,0.02355198714296142,-0.003695741216045172,0.011688017587465585,4,-0.03801881591617557,-0.06472912809262846,-0.01227033312206832
meanrdm,V1,notch,56-112,0.04803635128126467,0.029858525503072792,0.06573616740956867,0.03303170872252464,0.06304099384000471,5,0.0060213971793788915,0.0041656995294832855,0.008247450990818271
meanrdm,V1,only,28-56,0.011561670652866732,-0.008652211427140363,0.029659930421311088,0.0021460173272949863,0.02097732397843848,5,-0.030453283449019045,-0.05367908951215644,-0.007329718966604477
meanrdm,V1,notch,28-56,0.03703986591795906,0.019252229864000842,0.05406282186536685,0.021001789435268422,0.0530779424006497,5,-0.004975088183926717,-0.006480694993196044,-0.003514034505369554
meanrdm,V1,only,14-28,0.02328523529287669,0.00585733586545569,0.040983398475695786,0.01648950315837106,0.03008096742738232,5,-0.018729718809009088,-0.0400025455337391,0.004728087320295485
meanrdm,V1,notch,14-28,0.034008628493831475,0.01660057544767599,0.05092684907366251,0.01742627042640927,0.05059098656125368,5,-0.008006325608054303,-0.010199082926955993,-0.005912247940234184
meanrdm,V1,only,0-14,0.0466449983959925,0.029766439753449277,0.06358267138954399,0.03597645460694534,0.057313542185039666,5,0.004630044294106725,-0.0001745561783556596,0.009895862288773585
meanrdm,V1,notch,0-14,-0.03329990216305223,-0.0542413606626225,-0.013464685552806617,-0.04523230548580966,-0.021367498840294808,0,-0.075314856264938,-0.09876573878668495,-0.050449355129625235
meanrdm,LOC,native,all,0.02088142058225504,0.005151082203456206,0.03776966189670887,0.01807952309287618,0.023683318071633902,5,0.0,0.0,0.0
meanrdm,LOC,only,112-224,-0.0026371623632634273,-0.018496393608983353,0.01380226168069866,-0.005466747477751677,0.00019242275122482218,0,-0.02351858294551847,-0.039241002284331736,-0.008785635651927583
meanrdm,LOC,notch,112-224,0.012207915811487861,-0.0004295173770693022,0.026112477929330448,0.011204194750549522,0.0132116368724262,5,-0.00867350477076718,-0.016598825020589028,-0.0013387755310816747
meanrdm,LOC,only,56-112,0.002980057895468423,-0.013890197082028745,0.02020238647216734,-0.0006775947739675369,0.006637710564904383,5,-0.017901362686786618,-0.03158033088995209,-0.003417701008427564
meanrdm,LOC,notch,56-112,0.017624266957376167,0.0032410600940888396,0.03273741641564197,0.0154718721347386,0.019776661780013735,5,-0.003257153624878873,-0.006643959503806678,-7.960175660386242e-05
meanrdm,LOC,only,28-56,0.004525016216567955,-0.010185247685347853,0.020731832235768383,-0.0002505004702509483,0.009300532903386859,5,-0.016356404365687086,-0.030555231607115974,-0.0010823519443215798
meanrdm,LOC,notch,28-56,0.021043454244038744,0.006094157909388241,0.03661505400513678,0.017876584622554738,0.02421032386552275,5,0.00016203366178370315,-0.002185192113362263,0.0025127803075325355
meanrdm,LOC,only,14-28,0.0023225969302721845,-0.011086895762781152,0.01590298207376004,-0.002302550342432136,0.006947744202976505,3,-0.018558823651982855,-0.03577813208766147,-0.0034060528638590773
meanrdm,LOC,notch,14-28,0.02117871498775446,0.005637117067962836,0.03695069021842897,0.018063737455480983,0.024293692520027936,5,0.0002972944054994188,-0.0012486477452809779,0.0019195052424739447
meanrdm,LOC,only,0-14,0.004265613226064896,-0.006601318499145897,0.015307471031774766,0.002719982313448074,0.005811244138681717,5,-0.016615807356190143,-0.030699300266266952,-0.003136891133253342
meanrdm,LOC,notch,0-14,0.008915050577817286,-0.005965966570355332,0.02603386280859804,0.004811384427009656,0.013018716728624917,5,-0.011966370004437754,-0.02501554297641914,0.001896081269189945
