model,res,sim_gabor,align_v1
cnn_random,32,0.018969,0.04973812604288009
cnn_backprop,32,0.023491,0.043819458778596436
resnet50,32,0.222114,0.030955666492939928
GABOR,32,1.0,0.011514371455084276
cnn_random,64,0.031355,0.05356303583877201
cnn_backprop,64,0.01981,0.03551042732923565
resnet50,64,0.305233,0.028485515729583046
GABOR,64,1.0,0.014927954476538767
cnn_random,96,0.034561,0.0558165555557493
cnn_backprop,96,0.017849,0.029084384574168756
resnet50,96,0.305895,0.027823007463884265
GABOR,96,1.0,0.019732943363879003
cnn_random,128,0.034155,0.0571943738013134
cnn_backprop,128,0.018408,0.024734297303294146
resnet50,128,0.286393,0.026302618377865974
GABOR,128,1.0,0.022275077299689708
cnn_random,160,0.032774,0.05812898868687045
cnn_backprop,160,0.01957,0.02237115550083835
resnet50,160,0.268682,0.02470320908489274
GABOR,160,1.0,0.0245280315728079
cnn_random,224,0.031493,0.05940344131510784
cnn_backprop,224,0.020166,0.018378027444577463
resnet50,224,0.242859,0.02301010256057945
GABOR,224,1.0,0.02661654262196438
