figure,cell,condition,x,roi,mean,lo,hi,n_rdm
fig1,NATIVE|Random Weights|32,Random Weights,32,V1,0.045237747554622135,0.03189392088246601,0.060548045965392414,5
fig1,NATIVE|Random Weights|64,Random Weights,64,V1,0.04833970425574856,0.034393142727912135,0.06389994003233167,5
fig1,NATIVE|Random Weights|96,Random Weights,96,V1,0.050213217040648836,0.03617792222369871,0.06566504915728769,5
fig1,NATIVE|Random Weights|128,Random Weights,128,V1,0.05136503985200365,0.03717598626519833,0.06674910639652039,5
fig1,NATIVE|Random Weights|160,Random Weights,160,V1,0.05213042481054664,0.03787212333389765,0.06757098882308803,5
fig1,NATIVE|Random Weights|224,Random Weights,224,V1,0.053179547624903366,0.038809199358094855,0.06883146713928781,5
fig1,NATIVE|Backprop|32,Backprop,32,V1,0.045927437018857306,0.034877558225949665,0.05804570291753507,5
fig1,NATIVE|Backprop|64,Backprop,64,V1,0.038597928828021176,0.02848271514036141,0.05003989463391244,5
fig1,NATIVE|Backprop|96,Backprop,96,V1,0.032676048035089465,0.023104413588541997,0.04403688310571673,5
fig1,NATIVE|Backprop|128,Backprop,128,V1,0.028676865334003293,0.019163253681619852,0.0394648814709568,5
fig1,NATIVE|Backprop|160,Backprop,160,V1,0.026404291169715866,0.017202315249501634,0.03701068761690864,5
fig1,NATIVE|Backprop|224,Backprop,224,V1,0.022733609641613788,0.013762085654645326,0.03312983769011054,5
fig1,NATIVE|Feedback Alignment|32,Feedback Alignment,32,V1,0.014673320419772201,0.005933183234941068,0.024290341421890738,5
fig1,NATIVE|Feedback Alignment|64,Feedback Alignment,64,V1,0.011266232756781734,0.0025309109550334034,0.020758500748818836,5
fig1,NATIVE|Feedback Alignment|96,Feedback Alignment,96,V1,0.00989780617311769,0.0012881342974057767,0.019258913328812768,5
fig1,NATIVE|Feedback Alignment|128,Feedback Alignment,128,V1,0.009215580616518861,0.000656196066990607,0.01865836733881318,5
fig1,NATIVE|Feedback Alignment|160,Feedback Alignment,160,V1,0.008919290192819115,0.0003171305239177092,0.018380854322827236,5
fig1,NATIVE|Feedback Alignment|224,Feedback Alignment,224,V1,0.008599050303510908,4.039814002299552e-06,0.01825871521733877,5
fig1,NATIVE|Predictive Coding|32,Predictive Coding,32,V1,0.018762044987906016,0.010235524633596067,0.028600950822199333,5
fig1,NATIVE|Predictive Coding|64,Predictive Coding,64,V1,0.015215790573726884,0.00661110835913348,0.025185716381844258,5
fig1,NATIVE|Predictive Coding|96,Predictive Coding,96,V1,0.013585572819672435,0.005174873299760341,0.023396755328645106,5
fig1,NATIVE|Predictive Coding|128,Predictive Coding,128,V1,0.012751666828507638,0.004229709817575205,0.022449170094490503,5
fig1,NATIVE|Predictive Coding|160,Predictive Coding,160,V1,0.012388501594659863,0.0038022628871372498,0.022182641106942107,5
fig1,NATIVE|Predictive Coding|224,Predictive Coding,224,V1,0.011929474266569682,0.003425931400844786,0.021691122578385524,5
fig1,NATIVE|STDP|32,STDP,32,V1,0.04204142036856321,0.030454051288625293,0.05438822102456756,5
fig1,NATIVE|STDP|64,STDP,64,V1,0.03626740859991499,0.02565055636492436,0.047584875722996675,5
fig1,NATIVE|STDP|96,STDP,96,V1,0.03253022510551106,0.022376630439852194,0.043547692160497566,5
fig1,NATIVE|STDP|128,STDP,128,V1,0.030149180381181022,0.020372670544239444,0.0411824661128128,5
fig1,NATIVE|STDP|160,STDP,160,V1,0.028753637903637847,0.019167295538559087,0.03965140279304412,5
fig1,NATIVE|STDP|224,STDP,224,V1,0.026524894874443806,0.01713963661512383,0.03715642703986704,5
fig7,UPSAMPLED|Random Weights|32,Random Weights,32,V1,0.045237747554622135,0.03189392088246601,0.060548045965392414,5
fig7,UPSAMPLED|Random Weights|64,Random Weights,64,V1,0.04832313768577804,0.03445973120656327,0.06344973192117578,5
fig7,UPSAMPLED|Random Weights|96,Random Weights,96,V1,0.04993050970752156,0.03589117477946354,0.06498037586288515,5
fig7,UPSAMPLED|Random Weights|128,Random Weights,128,V1,0.05003928349666931,0.03600545858032585,0.0649546714022827,5
fig7,UPSAMPLED|Random Weights|160,Random Weights,160,V1,0.05038992123033004,0.03628697478171125,0.06529508963753172,5
fig7,UPSAMPLED|Random Weights|224,Random Weights,224,V1,0.05045613308526159,0.036330196913247584,0.06529935776321966,5
fig7,UPSAMPLED|Backprop|32,Backprop,32,V1,0.045927437018857306,0.034877558225949665,0.05804570291753507,5
fig7,UPSAMPLED|Backprop|64,Backprop,64,V1,0.01599059354981426,0.006919824065853654,0.026122929676699942,5
fig7,UPSAMPLED|Backprop|96,Backprop,96,V1,0.014089062803433961,0.005040434908328846,0.024314479708032546,5
fig7,UPSAMPLED|Backprop|128,Backprop,128,V1,0.014512758390765846,0.005428063690139419,0.024684166837956843,5
fig7,UPSAMPLED|Backprop|160,Backprop,160,V1,0.015077418346201599,0.006058661882425752,0.025198507067288337,5
fig7,UPSAMPLED|Backprop|224,Backprop,224,V1,0.015775566071046705,0.006725618496600549,0.02582180608463953,5
fig7,UPSAMPLED|Feedback Alignment|32,Feedback Alignment,32,V1,0.014673320419772201,0.005933183234941068,0.024290341421890738,5
fig7,UPSAMPLED|Feedback Alignment|64,Feedback Alignment,64,V1,0.007743344265386071,-0.0006410037085672716,0.017446588644249007,5
fig7,UPSAMPLED|Feedback Alignment|96,Feedback Alignment,96,V1,0.008695505354382484,0.0005036307966924833,0.018408862161476764,5
fig7,UPSAMPLED|Feedback Alignment|128,Feedback Alignment,128,V1,0.009276300940168623,0.0011994093893881446,0.018822451886192477,5
fig7,UPSAMPLED|Feedback Alignment|160,Feedback Alignment,160,V1,0.009738980443970155,0.0015253225639864588,0.019333473174439814,5
fig7,UPSAMPLED|Feedback Alignment|224,Feedback Alignment,224,V1,0.010157487275249854,0.0020247602822580854,0.01975312199730311,5
fig7,UPSAMPLED|Predictive Coding|32,Predictive Coding,32,V1,0.018762044987906016,0.010235524633596067,0.028600950822199333,5
fig7,UPSAMPLED|Predictive Coding|64,Predictive Coding,64,V1,0.010403184596285253,0.0020467239105434873,0.02005126075659076,5
fig7,UPSAMPLED|Predictive Coding|96,Predictive Coding,96,V1,0.01144337295842387,0.002986312497695612,0.021370055731117346,5
fig7,UPSAMPLED|Predictive Coding|128,Predictive Coding,128,V1,0.012072478309710716,0.0036331264725270192,0.021804949572430097,5
fig7,UPSAMPLED|Predictive Coding|160,Predictive Coding,160,V1,0.012532829030418085,0.00398415992643095,0.022213635827810288,5
fig7,UPSAMPLED|Predictive Coding|224,Predictive Coding,224,V1,0.01296564092525485,0.004347241682501495,0.02266528316081967,5
fig7,UPSAMPLED|STDP|32,STDP,32,V1,0.04204142036856321,0.030454051288625293,0.05438822102456756,5
fig7,UPSAMPLED|STDP|64,STDP,64,V1,0.021906614811754856,0.012627425126287896,0.03245494654127244,5
fig7,UPSAMPLED|STDP|96,STDP,96,V1,0.019690529219166145,0.010642318527981823,0.030008424597016213,5
fig7,UPSAMPLED|STDP|128,STDP,128,V1,0.01862048089448564,0.009762394009872367,0.028725980466567817,5
fig7,UPSAMPLED|STDP|160,STDP,160,V1,0.01857878399754542,0.009783023872798507,0.028615331756778693,5
fig7,UPSAMPLED|STDP|224,STDP,224,V1,0.018377101339186786,0.009622257351899553,0.028229525346890015,5
fig2,resnet50|32,resnet50,32,V1,0.030955666492939928,0.01751235343282739,0.042702218181290885,1
fig2,resnet50|64,resnet50,64,V1,0.028485515729583046,0.014276248351703033,0.04144082747984991,1
fig2,resnet50|96,resnet50,96,V1,0.027823007463884265,0.01366022065596494,0.041274034350720086,1
fig2,resnet50|128,resnet50,128,V1,0.026302618377865974,0.012658969986846125,0.039732978129421254,1
fig2,resnet50|160,resnet50,160,V1,0.02470320908489274,0.010609143401334457,0.03807785535156861,1
fig2,resnet50|224,resnet50,224,V1,0.02301010256057945,0.00896616116259181,0.036228015537841364,1
fig2,swin_t|32,swin_t,32,V1,0.05560649983757423,0.04030315728457032,0.06968720029775803,1
fig2,swin_t|64,swin_t,64,V1,0.0519193932529024,0.0367360767992282,0.06670166889958243,1
fig2,swin_t|96,swin_t,96,V1,0.04715106549297023,0.032208718846170346,0.061131498526732726,1
fig2,swin_t|128,swin_t,128,V1,0.04323707783280961,0.028217070063862076,0.05704814339626432,1
fig2,swin_t|160,swin_t,160,V1,0.04006207469300089,0.02541574750231702,0.05387358497097545,1
fig2,swin_t|224,swin_t,224,V1,0.036707348570701376,0.022414271313247046,0.05068363755024313,1
fig3,td|Backprop|224|0,Backprop,0,V1@224,0.05317954842046244,0.038809200055797105,0.0688314691693319,5
fig3,td|Backprop|224|1,Backprop,1,V1@224,0.011772363628055931,0.002595664324554313,0.02248254594123285,5
fig3,td|Backprop|224|2,Backprop,2,V1@224,0.01466953038139374,0.0051919837463860015,0.025956158998423053,5
fig3,td|Backprop|224|5,Backprop,5,V1@224,0.017556864560304454,0.00837823165485658,0.028845384426981768,5
fig3,td|Backprop|224|10,Backprop,10,V1@224,0.02053359470837679,0.01150844349431873,0.03126675343552909,5
fig3,td|Backprop|224|20,Backprop,20,V1@224,0.023124558006497493,0.01425246033638155,0.033432512466986836,5
fig3,td|Backprop|224|30,Backprop,30,V1@224,0.02474657973952029,0.01540478396928789,0.035407147621624974,5
fig3,td|Backprop|224|40,Backprop,40,V1@224,0.02343330397667895,0.014322817275591869,0.033865686431247335,5
fig3,td|Backprop|32|0,Backprop,0,V1@32,0.04523774883169826,0.03189392338556658,0.0605480472199865,5
fig3,td|Backprop|32|1,Backprop,1,V1@32,0.02486543968811803,0.01546981845015947,0.03554102655525231,5
fig3,td|Backprop|32|2,Backprop,2,V1@32,0.029893875223836186,0.02012066376189933,0.04123607173637535,5
fig3,td|Backprop|32|5,Backprop,5,V1@32,0.03703993883786692,0.026869832016926783,0.048671190740233246,5
fig3,td|Backprop|32|10,Backprop,10,V1@32,0.04276989316466641,0.032197387246514136,0.05451847484701879,5
fig3,td|Backprop|32|20,Backprop,20,V1@32,0.046388638054347765,0.03539032770314751,0.05863629792053428,5
fig3,td|Backprop|32|30,Backprop,30,V1@32,0.04718162370480013,0.035944418717707004,0.05926839071501517,5
fig3,td|Backprop|32|40,Backprop,40,V1@32,0.04605050232562783,0.03499316994353826,0.0581283864732525,5
fig3,td|Feedback Alignment|224|0,Feedback Alignment,0,V1@224,0.03983581791366443,0.028383518783693554,0.05239552069323118,5
fig3,td|Feedback Alignment|224|1,Feedback Alignment,1,V1@224,0.00887083078088995,0.00035269447352315105,0.01849008509097506,5
fig3,td|Feedback Alignment|224|2,Feedback Alignment,2,V1@224,0.008728755709351298,0.00016100278997238985,0.01833403010952437,5
fig3,td|Feedback Alignment|224|5,Feedback Alignment,5,V1@224,0.009082558312694874,0.00044680001348226925,0.018775396153681886,5
fig3,td|Feedback Alignment|224|10,Feedback Alignment,10,V1@224,0.008488180011357689,-0.00011696483659774402,0.018149603054800678,5
fig3,td|Feedback Alignment|224|20,Feedback Alignment,20,V1@224,0.00881237810130769,0.00017277267443322985,0.018498050480020477,5
fig3,td|Feedback Alignment|224|30,Feedback Alignment,30,V1@224,0.008569437287404488,-2.4016097106579696e-05,0.01825434061723471,5
fig3,td|Feedback Alignment|224|40,Feedback Alignment,40,V1@224,0.009299554976489629,0.0007080193244408281,0.018977686782284973,5
fig3,td|Feedback Alignment|32|0,Feedback Alignment,0,V1@32,0.03589234474181844,0.02448239173984693,0.04891681127316822,5
fig3,td|Feedback Alignment|32|1,Feedback Alignment,1,V1@32,0.014972628387345002,0.006206043289548759,0.02456776902726763,5
fig3,td|Feedback Alignment|32|2,Feedback Alignment,2,V1@32,0.014834539778631525,0.0061026019520216196,0.02437705450279545,5
fig3,td|Feedback Alignment|32|5,Feedback Alignment,5,V1@32,0.015140241946160107,0.006344969344012767,0.024723632314147485,5
fig3,td|Feedback Alignment|32|10,Feedback Alignment,10,V1@32,0.014484869782451735,0.005704660345799659,0.024163002953048417,5
fig3,td|Feedback Alignment|32|20,Feedback Alignment,20,V1@32,0.014867560639918839,0.006075623291232952,0.024487544295568982,5
fig3,td|Feedback Alignment|32|30,Feedback Alignment,30,V1@32,0.01453738582588654,0.005794378108558256,0.02420923960551383,5
fig3,td|Feedback Alignment|32|40,Feedback Alignment,40,V1@32,0.015315724674276643,0.006504730315636473,0.024992148640515945,5
fig3,td|Predictive Coding|224|0,Predictive Coding,0,V1@224,0.05348809338823661,0.039000778467064345,0.06911415344321244,5
fig3,td|Predictive Coding|224|1,Predictive Coding,1,V1@224,0.013779942066175804,0.004779757325823132,0.023900430665029098,5
fig3,td|Predictive Coding|224|2,Predictive Coding,2,V1@224,0.012604394427247114,0.0038208163754397785,0.02255860606480159,5
fig3,td|Predictive Coding|224|5,Predictive Coding,5,V1@224,0.012021240548643185,0.0033146210690693425,0.021909304569820702,5
fig3,td|Predictive Coding|224|10,Predictive Coding,10,V1@224,0.012867506921774316,0.004142988816138537,0.02274279684234077,5
fig3,td|Predictive Coding|224|20,Predictive Coding,20,V1@224,0.014097470339815465,0.005433541354661387,0.0240571367244159,5
fig3,td|Predictive Coding|224|30,Predictive Coding,30,V1@224,0.012614716478270888,0.004174331531644718,0.02232970411062066,5
fig3,td|Predictive Coding|224|40,Predictive Coding,40,V1@224,0.013837005624013706,0.005044937411250402,0.023892407398583466,5
fig3,td|Predictive Coding|32|0,Predictive Coding,0,V1@32,0.04554640262732049,0.03211267500719161,0.06087735493497721,5
fig3,td|Predictive Coding|32|1,Predictive Coding,1,V1@32,0.019489327248282902,0.010837286827974133,0.029256158414957163,5
fig3,td|Predictive Coding|32|2,Predictive Coding,2,V1@32,0.018339604650840845,0.009800333760777328,0.028125496266263896,5
fig3,td|Predictive Coding|32|5,Predictive Coding,5,V1@32,0.017745793862806523,0.009299671071189668,0.027587391894967582,5
fig3,td|Predictive Coding|32|10,Predictive Coding,10,V1@32,0.018838257981613482,0.01021022210077422,0.02858746428544786,5
fig3,td|Predictive Coding|32|20,Predictive Coding,20,V1@32,0.02048491428239165,0.011796986169369675,0.030463608293069,5
fig3,td|Predictive Coding|32|30,Predictive Coding,30,V1@32,0.019145843008255704,0.01056098368533107,0.028921500732611908,5
fig3,td|Predictive Coding|32|40,Predictive Coding,40,V1@32,0.020561313890085003,0.011884739121448764,0.030716087167903826,5
fig3,td|STDP|224|0,STDP,0,V1@224,0.042748618761425175,0.030087691852186235,0.05656069653612861,5
fig3,td|STDP|224|1,STDP,1,V1@224,0.012240579335241529,0.0035106377151356413,0.0222754526682262,5
fig3,td|STDP|224|2,STDP,2,V1@224,0.013022131232210845,0.004376823609416301,0.023006677200034034,5
fig3,td|STDP|224|5,STDP,5,V1@224,0.01570735540662008,0.007073316608775269,0.026065687979510963,5
fig3,td|STDP|224|10,STDP,10,V1@224,0.018951718329401242,0.010237299237656395,0.02932897659206905,5
fig3,td|STDP|224|20,STDP,20,V1@224,0.022898723602094464,0.013907228841618725,0.033493517002804486,5
fig3,td|STDP|224|30,STDP,30,V1@224,0.02575668929391004,0.016505128432373343,0.03653023312618435,5
fig3,td|STDP|224|40,STDP,40,V1@224,0.025789721140446187,0.01649114458454278,0.03640960861006291,5
fig3,td|STDP|32|0,STDP,0,V1@32,0.0368287127313236,0.024704231501700737,0.05071465429683026,5
fig3,td|STDP|32|1,STDP,1,V1@32,0.028014794010469246,0.018805955042395163,0.0391394330554967,5
fig3,td|STDP|32|2,STDP,2,V1@32,0.029289290949741968,0.019897537035259788,0.04067881857691393,5
fig3,td|STDP|32|5,STDP,5,V1@32,0.0323740345974204,0.022493608507783442,0.04426389730086798,5
fig3,td|STDP|32|10,STDP,10,V1@32,0.036022802807715054,0.025507728725204157,0.04805122898821524,5
fig3,td|STDP|32|20,STDP,20,V1@32,0.03938294498624254,0.028251210642077404,0.051640496966231776,5
fig3,td|STDP|32|30,STDP,30,V1@32,0.04119510454643501,0.02981410894447182,0.05347344665839079,5
fig3,td|STDP|32|40,STDP,40,V1@32,0.04106217018609546,0.02965192283216049,0.053388032418297114,5
fig4,LOC|Random Weights|32,Random Weights,32,LOC,-0.0011700733563024092,-0.0075855986897030315,0.005530893869643566,5
fig4,LOC|Random Weights|64,Random Weights,64,LOC,-0.0022650405814770547,-0.008701127907097771,0.004388262216693858,5
fig4,LOC|Random Weights|96,Random Weights,96,LOC,-0.002509129538152122,-0.008999579950136127,0.004235329760746364,5
fig4,LOC|Random Weights|128,Random Weights,128,LOC,-0.002697255080348485,-0.009229225625656074,0.004083977545103334,5
fig4,LOC|Random Weights|160,Random Weights,160,LOC,-0.002821063045223566,-0.0092575790062249,0.004041810832354792,5
fig4,LOC|Random Weights|224,Random Weights,224,LOC,-0.0030029462885439303,-0.00951787796836691,0.0037008942251567116,5
fig4,LOC|Backprop|32,Backprop,32,LOC,0.010979902154223706,0.006099905679682812,0.016804120673098933,5
fig4,LOC|Backprop|64,Backprop,64,LOC,0.01202087735460974,0.00570137460210254,0.018883877560154968,5
fig4,LOC|Backprop|96,Backprop,96,LOC,0.010641340401489046,0.003967029878563829,0.0181784735547484,5
fig4,LOC|Backprop|128,Backprop,128,LOC,0.009554774962453157,0.0028733991073984257,0.01725940728018649,5
fig4,LOC|Backprop|160,Backprop,160,LOC,0.009272180164548628,0.002343233246186909,0.01692166264147522,5
fig4,LOC|Backprop|224,Backprop,224,LOC,0.008276735501878647,0.0012157142535304775,0.015675931183038047,5
fig4,IT|Random Weights|32,Random Weights,32,IT,0.002227174129070311,-0.0032354812408415612,0.007491078401099386,5
fig4,IT|Random Weights|64,Random Weights,64,IT,0.0026108353176766876,-0.003044317353768032,0.008116397119407644,5
fig4,IT|Random Weights|96,Random Weights,96,IT,0.003147549347957285,-0.0027491186120170304,0.008897818051496321,5
fig4,IT|Random Weights|128,Random Weights,128,IT,0.003402380871908737,-0.0024307363823407443,0.00919075145731605,5
fig4,IT|Random Weights|160,Random Weights,160,IT,0.003592216753496579,-0.0023219317311373756,0.009509538752080948,5
fig4,IT|Random Weights|224,Random Weights,224,IT,0.0039557834716804794,-0.001939733289843359,0.009831837454393987,5
fig4,IT|Backprop|32,Backprop,32,IT,0.013734543352299225,0.008624409114774752,0.019327732092480735,5
fig4,IT|Backprop|64,Backprop,64,IT,0.015542468169518275,0.009452719416414951,0.02186042768162085,5
fig4,IT|Backprop|96,Backprop,96,IT,0.014281550871516549,0.008232467787999312,0.020915558377711217,5
fig4,IT|Backprop|128,Backprop,128,IT,0.01283276677162597,0.006838563268268204,0.0188789048258256,5
fig4,IT|Backprop|160,Backprop,160,IT,0.011857740971839687,0.00607716047892689,0.01770156175546233,5
fig4,IT|Backprop|224,Backprop,224,IT,0.01033222119665583,0.004921769962084707,0.016003689750257476,5
fig6,bncal|random|32,random,32,V1,0.04523774861564725,0.031893921938520656,0.06054804849599778,5
fig6,bncal|random|64,random,64,V1,0.048339704258890594,0.03439314463554669,0.06389994035602804,5
fig6,bncal|random|96,random,96,V1,0.05021321673150445,0.03617792580699851,0.06566504743164957,5
fig6,bncal|random|128,random,128,V1,0.05136504034853231,0.03717598592448291,0.06674910474664907,5
fig6,bncal|random|160,random,160,V1,0.052130426058698866,0.03787212563755589,0.06757099188001689,5
fig6,bncal|random|224,random,224,V1,0.05317954829591458,0.03880920113400321,0.06883146740763868,5
fig6,bncal|a|32,a,32,V1,0.04265078482370745,0.031701275275239,0.05523291203037079,5
fig6,bncal|a|64,a,64,V1,0.03871337322533786,0.027971815964328323,0.05149660259738755,5
fig6,bncal|a|96,a,96,V1,0.036509304943956704,0.025904148183896292,0.04945262213979065,5
fig6,bncal|a|128,a,128,V1,0.03528984480432662,0.02453870713749552,0.048541710263871315,5
fig6,bncal|a|160,a,160,V1,0.034783305311416976,0.023826868617299084,0.04811267946448509,5
fig6,bncal|a|224,a,224,V1,0.034191393792526045,0.02289645016566963,0.04766448618880177,5
fig6,bncal|b|32,b,32,V1,0.04265078482370745,0.031701275275239,0.05523291203037079,5
fig6,bncal|b|64,b,64,V1,0.05021420032011632,0.03778478629872274,0.06275749170013982,5
fig6,bncal|b|96,b,96,V1,0.050612215824516214,0.038234856111509875,0.06314350635621635,5
fig6,bncal|b|128,b,128,V1,0.05111735636424937,0.03865628704353699,0.06358545349333211,5
fig6,bncal|b|160,b,160,V1,0.05089923661365423,0.03850847376890524,0.06328653722664736,5
fig6,bncal|b|224,b,224,V1,0.050220627906360726,0.03793385155533301,0.06237099752832387,5
fig6,bncal|c|32,c,32,V1,0.04622423979944118,0.033521165051077016,0.059524346071712066,5
fig6,bncal|c|64,c,64,V1,0.04328494137872197,0.030405657234410095,0.05697632428676302,5
fig6,bncal|c|96,c,96,V1,0.041313549696490696,0.028771796570189988,0.055116654893300705,5
fig6,bncal|c|128,c,128,V1,0.0401436479078215,0.027878748722922838,0.053916531359510605,5
fig6,bncal|c|160,c,160,V1,0.03956201980804829,0.02712419785812312,0.0532571355665673,5
fig6,bncal|c|224,c,224,V1,0.03894345494618735,0.02622950224201998,0.05270071100871403,5
fig6,bncal|d|32,d,32,V1,0.04622423979944118,0.033521165051077016,0.059524346071712066,5
fig6,bncal|d|64,d,64,V1,0.04664625848491637,0.03356384158751948,0.06018576218014256,5
fig6,bncal|d|96,d,96,V1,0.04622423402759341,0.0333287023556303,0.05940067548756266,5
fig6,bncal|d|128,d,128,V1,0.045668797855758204,0.03291313319000852,0.058716257032408216,5
fig6,bncal|d|160,d,160,V1,0.04533901475690645,0.032593832215592415,0.058425733641793445,5
fig6,bncal|d|224,d,224,V1,0.04456965448495547,0.031959192807243804,0.05775266385243143,5
