key,section,quantity,v2_printed,v2_recomputed,v3_value,source,note
ref.MEANLUM.V1,3.4,MEANLUM vs V1,0.074,0.07446756959736865,0.053626948347884916,colour refs,
ref.MEANRGB.V1,3.4,MEANRGB vs V1,0.045,0.028347490713198264,0.020065871765564538,colour refs,
ref.COLORHIST.V1,3.4,COLORHIST vs V1,0.028,0.045052099297638266,0.03090675108669543,colour refs,
ref.PIXEL.V1,3.4,PIXEL vs V1,0.03,0.03003680026112314,0.02041058567969754,colour refs,
gabor.V1.range,3.4,"Gabor bank vs V1, min..max over res",0.018-0.037,"(0.017914712257889435, 0.03687127840938763)","(0.011514371455084276, 0.02661654262196438)",gabor refs,
unt.V1.224.old,3.4,untrained Conv1->V1 @224 (old),0.075,0.07546476071491115,,v12,
unt.partial_lum.224.old,3.4,untrained partial | MEANLUM @224 (old),0.038,0.037558769528060885,,v12,
unt.pixel_decrease.224.old,3.4,untrained decrease when PIXEL partialled @224 (old),0.004,0.003658464867288358,,v12,
gap.joint4.32.old,3.4,"Random-BP gap, 4 refs partialled @32 (old)",-0.02,"(-0.0170130971909765, 0.00998793684828619, 1, 4)",,v12,
gap.joint4.224.old,3.4,"Random-BP gap, 4 refs partialled @224 (old)",0.036,"(0.03481010667773137, 0.009172327942502, 5, 0)",,v12,
gap.lum.224.old,3.4,"Random-BP gap, MEANLUM partialled @224 (old)",0.026,"(0.025627989635085113, 0.007759868899737656, 5, 0)",,v12,
unt.V1.224.new,3.4,untrained Conv1->V1 @224 (new),0.075,,0.053179547624903366,v12,
unt.partial_lum.224.new,3.4,untrained partial | MEANLUM @224 (new),0.038,,0.025520937306189075,v12,
unt.pixel_decrease.224.new,3.4,untrained decrease when PIXEL partialled @224 (new),0.004,,0.0024527635245956956,v12,
gap.joint4.32.new,3.4,"Random-BP gap, 4 refs partialled @32 (new)",-0.02,,"(-0.01270661490502579, 0.006978336560217646, 1, 4)",v12,
gap.joint4.224.new,3.4,"Random-BP gap, 4 refs partialled @224 (new)",0.036,,"(0.0238431754464484, 0.006440138048802385, 5, 0)",v12,
gap.lum.224.new,3.4,"Random-BP gap, MEANLUM partialled @224 (new)",0.026,,"(0.017229548450983765, 0.0054441151692821085, 5, 0)",v12,
six.order.old,3.4,"Spearman(d MEANLUM sim, d V1), 6 conditions (old)",0.94,0.942857142857143,,bnfix (incl. A_aug),
six.order.new,3.4,"Spearman(d MEANLUM sim, d V1), 6 conditions (new)",0.94,,0.942857142857143,bnfix (incl. A_aug),
within.lum.rho5.old,3.4,"within-filter Spearman, MEANLUM, 5 variants (old)",1.0,0.9999999999999999,,bncal,
within.lum.p5.old,3.4,exact permutation p (old),0.017,0.016666666666666666,,bncal,
within.lum.rho25.old,3.4,"within-filter Spearman, 25 variant-seed points (old)",0.87,0.8653846153846154,,bncal,
within.MEANRGB.rho5.old,3.4,"within-filter Spearman, MEANRGB (old)",-0.3,-0.3,,bncal,
within.PIXEL.rho5.old,3.4,"within-filter Spearman, PIXEL (old)",-0.7,-0.7,,bncal,
within.seed.range.old,3.4,"within-variant across-seed corr range, Spearman | Pearson (old)",-0.20..+0.90,"(-0.19999999999999998, 0.8999999999999998, -0.2069165208644089, 0.9496502439662164)",,bncal,
within.B.dV1.old,3.4,B: V1 change 32->224 mean/SEM/pos (old),"+0.011, 4/5","(0.010608600151288118, 0.004557660157085128, 4, 1)",,bncal,
within.identity.dV1.old,3.4,identity: V1 change 32->224 (old),+0.0110,"(0.010972473911902854, 0.0012893684963031823, 5, 0)",,bncal,
within.lum.rho5.new,3.4,"within-filter Spearman, MEANLUM, 5 variants (new)",1.0,,0.9999999999999999,bncal,
within.lum.p5.new,3.4,exact permutation p (new),0.017,,0.016666666666666666,bncal,
within.lum.rho25.new,3.4,"within-filter Spearman, 25 variant-seed points (new)",0.87,,0.8730769230769231,bncal,
within.MEANRGB.rho5.new,3.4,"within-filter Spearman, MEANRGB (new)",-0.3,,-0.3,bncal,
within.PIXEL.rho5.new,3.4,"within-filter Spearman, PIXEL (new)",-0.7,,-0.7,bncal,
within.seed.range.new,3.4,"within-variant across-seed corr range, Spearman | Pearson (new)",-0.20..+0.90,,"(-0.19999999999999998, 0.8999999999999998, -0.21105477480532742, 0.9509816372037749)",bncal,
within.B.dV1.new,3.4,B: V1 change 32->224 mean/SEM/pos (new),"+0.011, 4/5",,"(0.007569843082653292, 0.0031787598342172116, 4, 1)",bncal,
within.identity.dV1.new,3.4,identity: V1 change 32->224 (new),+0.0110,,"(0.007941799680267328, 0.0009040957340000797, 5, 0)",bncal,
