key,section,quantity,v2_printed,v2_recomputed_bnfix,v2_recomputed_v12,v3_value,v3_seeds_pos,source,note
rho.bp.V1.32,3.1,rho Backprop Conv1->V1 @32,,0.06543611016316554,0.06510638827778456,0.045927437018857306,,v12 NATIVE,
rho.bp.V1.224,3.1,rho Backprop Conv1->V1 @224,,0.03141240716791615,0.03196922716733764,0.022733609641613788,,v12 NATIVE,
rho.fa.V1.32,3.1,rho Feedback Alignment Conv1->V1 @32,,0.020317158172069257,0.020317874669886223,0.014673320419772201,,v12 NATIVE,
rho.fa.V1.224,3.1,rho Feedback Alignment Conv1->V1 @224,,0.011521827723429407,0.011522203919718222,0.008599050303510908,,v12 NATIVE,
rho.pc.V1.32,3.1,rho Predictive Coding Conv1->V1 @32,,0.02625001644306598,0.026250015389246102,0.018762044987906016,,v12 NATIVE,
rho.pc.V1.224,3.1,rho Predictive Coding Conv1->V1 @224,,0.016332625340681854,0.016332622613536022,0.011929474266569682,,v12 NATIVE,
rho.stdp.V1.32,3.1,rho STDP Conv1->V1 @32,,0.05921126787177368,0.05921126680320349,0.04204142036856321,,v12 NATIVE,
rho.stdp.V1.224,3.1,rho STDP Conv1->V1 @224,,0.037218595333326374,0.03721859475578964,0.026524894874443806,,v12 NATIVE,
rho.rnd.V1.32,3.1,rho Random Weights Conv1->V1 @32,,0.06449228790353354,0.06449228804907635,0.045237747554622135,,v12 NATIVE,
rho.rnd.V1.224,3.1,rho Random Weights Conv1->V1 @224,,0.07546476115155384,0.07546476071491115,0.053179547624903366,,v12 NATIVE,
gap.V1.32,3.1/3.7,Random Weights-Backprop V1 @32: mean,,-0.0009438222596320128,-0.0006141002287082267,-0.0006896894642351714,3.0,v12 NATIVE,
gap.V1.32.sem,3.1/3.7,... SEM,,0.0073092465613453835,,0.0050929843747825046,,v12 NATIVE,
gap.V1.32.pos,3.1/3.7,... seeds positive,,3,,3,,v12 NATIVE,
gap.LOC.32,3.1/3.7,Backprop-Random Weights LOC @32: mean,,0.018952496391103017,0.019072197544474305,0.012149975510526118,5.0,v12 NATIVE,
gap.LOC.32.sem,3.1/3.7,... SEM,,0.0013691479396911665,,0.0008660368096672088,,v12 NATIVE,
gap.LOC.32.pos,3.1/3.7,... seeds positive,,5,,5,,v12 NATIVE,
gap.IT.32,3.1/3.7,Backprop-Random Weights IT @32: mean,,0.015116834261408507,0.015983370968045533,0.011507369223228913,5.0,v12 NATIVE,
gap.IT.32.sem,3.1/3.7,... SEM,,0.0016099203824392332,,0.0010999417401739938,,v12 NATIVE,
gap.IT.32.pos,3.1/3.7,... seeds positive,,5,,5,,v12 NATIVE,
gap.V1.64,3.1/3.7,Random Weights-Backprop V1 @64: mean,,0.013704302512218432,0.013777183772347847,0.009741775427727384,3.0,v12 NATIVE,
gap.V1.64.sem,3.1/3.7,... SEM,,0.007067227773071566,,0.004997430683264463,,v12 NATIVE,
gap.V1.64.pos,3.1/3.7,... seeds positive,,3,,3,,v12 NATIVE,
gap.LOC.64,3.1/3.7,Backprop-Random Weights LOC @64: mean,,0.022276898151770124,0.02250766034141463,0.014285917936086797,5.0,v12 NATIVE,
gap.LOC.64.sem,3.1/3.7,... SEM,,0.0010728520200452354,,0.0006941386621858235,,v12 NATIVE,
gap.LOC.64.pos,3.1/3.7,... seeds positive,,5,,5,,v12 NATIVE,
gap.IT.64,3.1/3.7,Backprop-Random Weights IT @64: mean,,0.015885355415840234,0.01695368248476567,0.01293163285184159,5.0,v12 NATIVE,
gap.IT.64.sem,3.1/3.7,... SEM,,0.001357471482932491,,0.0012611592634016906,,v12 NATIVE,
gap.IT.64.pos,3.1/3.7,... seeds positive,,5,,5,,v12 NATIVE,
gap.V1.96,3.1/3.7,Random Weights-Backprop V1 @96: mean,,0.025010055963922716,0.024856326887801553,0.017537169005559367,5.0,v12 NATIVE,
gap.V1.96.sem,3.1/3.7,... SEM,,0.0066839562462111144,,0.0047961656806656955,,v12 NATIVE,
gap.V1.96.pos,3.1/3.7,... seeds positive,,5,,5,,v12 NATIVE,
gap.LOC.96,3.1/3.7,Backprop-Random Weights LOC @96: mean,,0.020648001933927664,0.020821106938944484,0.013150469939641168,5.0,v12 NATIVE,
gap.LOC.96.sem,3.1/3.7,... SEM,,0.000863252316812797,,0.0006180686465601056,,v12 NATIVE,
gap.LOC.96.pos,3.1/3.7,... seeds positive,,5,,5,,v12 NATIVE,
gap.IT.96,3.1/3.7,Backprop-Random Weights IT @96: mean,,0.012724649212784883,0.013902576032443659,0.011134001523559265,5.0,v12 NATIVE,
gap.IT.96.sem,3.1/3.7,... SEM,,0.0013416371188854058,,0.0011567751360184197,,v12 NATIVE,
gap.IT.96.pos,3.1/3.7,... seeds positive,,5,,5,,v12 NATIVE,
gap.V1.128,3.1/3.7,Random Weights-Backprop V1 @128: mean,,0.03255698258132424,0.03224080058094515,0.02268817451800035,5.0,v12 NATIVE,
gap.V1.128.sem,3.1/3.7,... SEM,,0.006425044097789281,,0.0046642808445101595,,v12 NATIVE,
gap.V1.128.pos,3.1/3.7,... seeds positive,,5,,5,,v12 NATIVE,
gap.LOC.128,3.1/3.7,Backprop-Random Weights LOC @128: mean,,0.019340445941945977,0.019546640102373326,0.012252030042801643,5.0,v12 NATIVE,
gap.LOC.128.sem,3.1/3.7,... SEM,,0.0007995206756440974,,0.0005980909716061171,,v12 NATIVE,
gap.LOC.128.pos,3.1/3.7,... seeds positive,,5,,5,,v12 NATIVE,
gap.IT.128,3.1/3.7,Backprop-Random Weights IT @128: mean,,0.009765356457566723,0.011192442323914953,0.00943038589971723,5.0,v12 NATIVE,
gap.IT.128.sem,3.1/3.7,... SEM,,0.0012005234680467385,,0.0009554800741833114,,v12 NATIVE,
gap.IT.128.pos,3.1/3.7,... seeds positive,,5,,5,,v12 NATIVE,
gap.V1.160,3.1/3.7,Random Weights-Backprop V1 @160: mean,,0.0370342069334563,0.03661693072637871,0.02572613364083077,5.0,v12 NATIVE,
gap.V1.160.sem,3.1/3.7,... SEM,,0.006238319040743733,,0.004558280791162428,,v12 NATIVE,
gap.V1.160.pos,3.1/3.7,... seeds positive,,5,,5,,v12 NATIVE,
gap.LOC.160,3.1/3.7,Backprop-Random Weights LOC @160: mean,,0.019149062633515138,0.01940645690187536,0.012093243209772196,5.0,v12 NATIVE,
gap.LOC.160.sem,3.1/3.7,... SEM,,0.0007937362158443119,,0.0006035114309743104,,v12 NATIVE,
gap.LOC.160.pos,3.1/3.7,... seeds positive,,5,,5,,v12 NATIVE,
gap.IT.160,3.1/3.7,Backprop-Random Weights IT @160: mean,,0.007813134582062035,0.009283832743966939,0.008265524218343107,5.0,v12 NATIVE,
gap.IT.160.sem,3.1/3.7,... SEM,,0.0012732989291436134,,0.0009691677481350621,,v12 NATIVE,
gap.IT.160.pos,3.1/3.7,... seeds positive,,5,,5,,v12 NATIVE,
gap.V1.224,3.1/3.7,Random Weights-Backprop V1 @224: mean,,0.044052353983637695,0.04349553354757351,0.030445937983289578,5.0,v12 NATIVE,
gap.V1.224.sem,3.1/3.7,... SEM,,0.005995968620676118,,0.004427199954293548,,v12 NATIVE,
gap.V1.224.pos,3.1/3.7,... seeds positive,,5,,5,,v12 NATIVE,
gap.LOC.224,3.1/3.7,Backprop-Random Weights LOC @224: mean,,0.017669884706300362,0.017993071896694055,0.011279681790422574,5.0,v12 NATIVE,
gap.LOC.224.sem,3.1/3.7,... SEM,,0.0007928231483559012,,0.0006272731242796981,,v12 NATIVE,
gap.LOC.224.pos,3.1/3.7,... seeds positive,,5,,5,,v12 NATIVE,
gap.IT.224,3.1/3.7,Backprop-Random Weights IT @224: mean,,0.004885684067466809,0.00645633083512723,0.006376437724975351,5.0,v12 NATIVE,
gap.IT.224.sem,3.1/3.7,... SEM,,0.00110879998217997,,0.0008987327009527236,,v12 NATIVE,
gap.IT.224.pos,3.1/3.7,... seeds positive,,5,,5,,v12 NATIVE,
rho.bp.LOC.32,3.7,rho Backprop Conv3->LOC @32,,0.017421484876757196,,0.010979902154223706,,v12 NATIVE,
rho.bp.LOC.224,3.7,rho Backprop Conv3->LOC @224,,0.01261664380414316,,0.008276735501878647,,v12 NATIVE,
rho.rnd.LOC.32,3.7,rho Random Weights Conv3->LOC @32,,-0.001531011514345823,,-0.0011700733563024092,,v12 NATIVE,
rho.rnd.LOC.224,3.7,rho Random Weights Conv3->LOC @224,,-0.005053240902157202,,-0.0030029462885439303,,v12 NATIVE,
rnd.LOC.range.old,3.7,untrained LOC min..max over sweep (old),,"(-0.005053240902157202, -0.001531011514345823)",,,,v12 NATIVE,
rnd.LOC.range.new,3.7,untrained LOC min..max over sweep (new),,,,"(-0.0030029462885439303, -0.0011700733563024092)",,v12 NATIVE,
best.rnd.32.old,App C,best V1 layer Random Weights @32 (old),,Conv2,,,,v12 NATIVE,
best.bp.32.old,App C,best V1 layer Backprop @32 (old),,Conv1,,,,v12 NATIVE,
best.fa.32.old,App C,best V1 layer Feedback Alignment @32 (old),,Conv2,,,,v12 NATIVE,
best.pc.32.old,App C,best V1 layer Predictive Coding @32 (old),,Conv1,,,,v12 NATIVE,
best.stdp.32.old,App C,best V1 layer STDP @32 (old),,Conv2,,,,v12 NATIVE,
bestgap.32.old,App C,best-layer gap @32 (old) mean/SEM/pos,,"(0.014473442281043284, 0.005957273286429541, 4)",,,,v12 NATIVE,
best.rnd.32.new,App C,best V1 layer Random Weights @32 (new),,,,Conv2,,v12 NATIVE,
best.bp.32.new,App C,best V1 layer Backprop @32 (new),,,,Conv1,,v12 NATIVE,
best.fa.32.new,App C,best V1 layer Feedback Alignment @32 (new),,,,Conv2,,v12 NATIVE,
best.pc.32.new,App C,best V1 layer Predictive Coding @32 (new),,,,Conv1,,v12 NATIVE,
best.stdp.32.new,App C,best V1 layer STDP @32 (new),,,,Conv2,,v12 NATIVE,
bestgap.32.new,App C,best-layer gap @32 (new) mean/SEM/pos,,,,"(0.010937834447827019, 0.004241659687857959, 4)",,v12 NATIVE,
best.rnd.96.old,App C,best V1 layer Random Weights @96 (old),,Conv2,,,,v12 NATIVE,
best.bp.96.old,App C,best V1 layer Backprop @96 (old),,Conv1,,,,v12 NATIVE,
best.fa.96.old,App C,best V1 layer Feedback Alignment @96 (old),,Conv2,,,,v12 NATIVE,
best.pc.96.old,App C,best V1 layer Predictive Coding @96 (old),,Conv1,,,,v12 NATIVE,
best.stdp.96.old,App C,best V1 layer STDP @96 (old),,Conv2,,,,v12 NATIVE,
bestgap.96.old,App C,best-layer gap @96 (old) mean/SEM/pos,,"(0.04148921899929621, 0.005064961393123071, 5)",,,,v12 NATIVE,
best.rnd.96.new,App C,best V1 layer Random Weights @96 (new),,,,Conv2,,v12 NATIVE,
best.bp.96.new,App C,best V1 layer Backprop @96 (new),,,,Conv1,,v12 NATIVE,
best.fa.96.new,App C,best V1 layer Feedback Alignment @96 (new),,,,Conv2,,v12 NATIVE,
best.pc.96.new,App C,best V1 layer Predictive Coding @96 (new),,,,Conv1,,v12 NATIVE,
best.stdp.96.new,App C,best V1 layer STDP @96 (new),,,,Conv2,,v12 NATIVE,
bestgap.96.new,App C,best-layer gap @96 (new) mean/SEM/pos,,,,"(0.029560359762174315, 0.003698999710100457, 5)",,v12 NATIVE,
best.rnd.224.old,App C,best V1 layer Random Weights @224 (old),,Conv2,,,,v12 NATIVE,
best.bp.224.old,App C,best V1 layer Backprop @224 (old),,Conv1,,,,v12 NATIVE,
best.fa.224.old,App C,best V1 layer Feedback Alignment @224 (old),,Conv2,,,,v12 NATIVE,
best.pc.224.old,App C,best V1 layer Predictive Coding @224 (old),,Conv2,,,,v12 NATIVE,
best.stdp.224.old,App C,best V1 layer STDP @224 (old),,Conv2,,,,v12 NATIVE,
bestgap.224.old,App C,best-layer gap @224 (old) mean/SEM/pos,,"(0.05968073653465115, 0.004402130995513006, 5)",,,,v12 NATIVE,
best.rnd.224.new,App C,best V1 layer Random Weights @224 (new),,,,Conv2,,v12 NATIVE,
best.bp.224.new,App C,best V1 layer Backprop @224 (new),,,,Conv1,,v12 NATIVE,
best.fa.224.new,App C,best V1 layer Feedback Alignment @224 (new),,,,Conv2,,v12 NATIVE,
best.pc.224.new,App C,best V1 layer Predictive Coding @224 (new),,,,Conv2,,v12 NATIVE,
best.stdp.224.new,App C,best V1 layer STDP @224 (new),,,,Conv2,,v12 NATIVE,
bestgap.224.new,App C,best-layer gap @224 (new) mean/SEM/pos,,,,"(0.04176052405714194, 0.0033370440284123492, 5)",,v12 NATIVE,
cal.a-random.224.old,3.2,a - identity @224 (old),,"(-0.026080087682511993, 0.005997681145141645, 0)",,,,bncal_rdms,
cal.a-bp.224.old,3.2,a - BP @224 (old),,"(0.017972266595538005, 0.001087784607510896, 5)",,,,bncal_rdms,
cal.a-bp.32.old,3.2,a - BP @32 (old),,"(-0.003882777597152563, 0.0026577325104271475, 1)",,,,bncal_rdms,
cal.b-random.224.old,3.2,b - identity @224 (old),,"(-0.003302828728665054, 0.008746870614979826, 2)",,,,bncal_rdms,
cal.b-bp.224.old,3.2,b - BP @224 (old),,"(0.04074952554938495, 0.006908028840870754, 5)",,,,bncal_rdms,
cal.b-bp.32.old,3.2,b - BP @32 (old),,"(-0.003882777597152563, 0.0026577325104271475, 1)",,,,bncal_rdms,
cal.c-random.224.old,3.2,c - identity @224 (old),,"(-0.019574625727535953, 0.006055203163544643, 0)",,,,bncal_rdms,
cal.c-bp.224.old,3.2,c - BP @224 (old),,"(0.02447772855051405, 0.0012988616093783313, 5)",,,,bncal_rdms,
cal.c-bp.32.old,3.2,c - BP @32 (old),,"(0.0008811146644368287, 0.001783644203370944, 2)",,,,bncal_rdms,
cal.d-random.224.old,3.2,d - identity @224 (old),,"(-0.011495797301493074, 0.006461101250258157, 2)",,,,bncal_rdms,
cal.d-bp.224.old,3.2,d - BP @224 (old),,"(0.032556556976556926, 0.0010268397598337973, 5)",,,,bncal_rdms,
cal.d-bp.32.old,3.2,d - BP @32 (old),,"(0.0008811146644368287, 0.001783644203370944, 2)",,,,bncal_rdms,
cal.B-A.224.old,3.2,"B - A (match resolution, CIFAR) (old)",,"(0.02277725895384694, 0.005967775563408812, 5)",,,,bncal_rdms,
cal.D-C.224.old,3.2,"D - C (match resolution, THINGS) (old)",,"(0.008078828426042876, 0.002047620085150793, 5)",,,,bncal_rdms,
cal.D-B.224.old,3.2,D - B (set at matched res) (old),,"(-0.008192968572828021, 0.006097022988481564, 2)",,,,bncal_rdms,
cal.random-bp.224.old,3.2,identity - BP @224 (old),,"(0.04405235427805, 0.005995968598082193, 5)",,,,bncal_rdms,
cal.random-bp.32.old,3.2,identity - BP @32 (old),,"(-0.000943822629102245, 0.00730924667116098, 3)",,,,bncal_rdms,
cal.a-random.224.new,3.2,a - identity @224 (new),,,,"(-0.018988154503388532, 0.004203581314386648, 0)",,bncal_rdms,
cal.a-bp.224.new,3.2,a - BP @224 (new),,,,"(0.011457784150912257, 0.0010457770457973027, 5)",,bncal_rdms,
cal.a-bp.32.new,3.2,a - BP @32 (new),,,,"(-0.0032766521951498747, 0.002011933800200584, 1)",,bncal_rdms,
cal.b-random.224.new,3.2,b - identity @224 (new),,,,"(-0.0029589203895538513, 0.006082854197412216, 2)",,bncal_rdms,
cal.b-bp.224.new,3.2,b - BP @224 (new),,,,"(0.027487018264746938, 0.004932568179954127, 5)",,bncal_rdms,
cal.b-bp.32.new,3.2,b - BP @32 (new),,,,"(-0.0032766521951498747, 0.002011933800200584, 1)",,bncal_rdms,
cal.c-random.224.new,3.2,c - identity @224 (new),,,,"(-0.014236093349727225, 0.004224710251869103, 0)",,bncal_rdms,
cal.c-bp.224.new,3.2,c - BP @224 (new),,,,"(0.01620984530457356, 0.0010936713709730368, 5)",,bncal_rdms,
cal.c-bp.32.new,3.2,c - BP @32 (new),,,,"(0.00029680278058386717, 0.0012279687153159936, 2)",,bncal_rdms,
cal.d-random.224.new,3.2,d - identity @224 (new),,,,"(-0.00860989381095911, 0.004494673216982512, 2)",,bncal_rdms,
cal.d-bp.224.new,3.2,d - BP @224 (new),,,,"(0.02183604484334168, 0.0009148237473185938, 5)",,bncal_rdms,
cal.d-bp.32.new,3.2,d - BP @32 (new),,,,"(0.00029680278058386717, 0.0012279687153159936, 2)",,bncal_rdms,
cal.B-A.224.new,3.2,"B - A (match resolution, CIFAR) (new)",,,,"(0.016029234113834685, 0.004168002946813056, 5)",,bncal_rdms,
cal.D-C.224.new,3.2,"D - C (match resolution, THINGS) (new)",,,,"(0.005626199538768117, 0.0014100431163989072, 5)",,bncal_rdms,
cal.D-B.224.new,3.2,D - B (set at matched res) (new),,,,"(-0.005650973421405257, 0.004265838323151096, 2)",,bncal_rdms,
cal.random-bp.224.new,3.2,identity - BP @224 (new),,,,"(0.030445938654300793, 0.0044272001589864465, 5)",,bncal_rdms,
cal.random-bp.32.new,3.2,identity - BP @32 (new),,,,"(-0.0006896884032100592, 0.005092984037618257, 3)",,bncal_rdms,
arch.resnet50.V1.old,3.3,resnet50 V1 by res (old),,"{32: 0.044965246048499795, 64: 0.040430196637033115, 96: 0.038975876567307895, 128: 0.03681255656870431, 160: 0.03457292525195833, 224: 0.03246534698717006}",,,,arch_rdms,
arch.resnet50.V1.new,3.3,resnet50 V1 by res (new),,,,"{32: 0.030955666492939928, 64: 0.028485515729583046, 96: 0.027823007463884265, 128: 0.026302618377865974, 160: 0.02470320908489274, 224: 0.02301010256057945}",,arch_rdms,
arch.swin_t.V1.old,3.3,swin_t V1 by res (old),,"{32: 0.07945278360739147, 64: 0.07407563274883165, 96: 0.06682421276967958, 128: 0.06122134842884164, 160: 0.05670723306730133, 224: 0.052068151335195496}",,,,arch_rdms,
arch.swin_t.V1.new,3.3,swin_t V1 by res (new),,,,"{32: 0.05560649983757423, 64: 0.0519193932529024, 96: 0.04715106549297023, 128: 0.04323707783280961, 160: 0.04006207469300089, 224: 0.036707348570701376}",,arch_rdms,
ups.step.bp.old,3.5,bp UP@64 - NATIVE@64 (first-step penalty) (old),,"(-0.033110550174555414, 0.003502824814103762, 0)",,,,v12 NATIVE/UPSAMPLED,
ups.step.rnd.old,3.5,rnd UP@64 - NATIVE@64 (first-step penalty) (old),,"(-0.0001532272083064043, 0.0006166627982450582, 2)",,,,v12 NATIVE/UPSAMPLED,
ups.gapopen.NATIVE.old,3.5,gap(224)-gap(64) NATIVE (old),,"(0.029718349775225673, 0.0016670240140555222, 5)",,,,v12 NATIVE/UPSAMPLED,
ups.slope.bp.NATIVE.old,3.5,bp @224 - @64 NATIVE (old),,"(-0.02302279074416574, 0.0019140672108673166, 0)",,,,v12 NATIVE/UPSAMPLED,
ups.slope.fa.NATIVE.old,3.5,fa @224 - @64 NATIVE (old),,"(-0.003988602940020197, 0.0005978000367168918, 0)",,,,v12 NATIVE/UPSAMPLED,
ups.slope.pc.NATIVE.old,3.5,pc @224 - @64 NATIVE (old),,"(-0.004955046202623185, 0.0016945007326928932, 0)",,,,v12 NATIVE/UPSAMPLED,
ups.slope.rnd.NATIVE.old,3.5,rnd @224 - @64 NATIVE (old),,"(0.006695559031059924, 0.0007032510389281317, 5)",,,,v12 NATIVE/UPSAMPLED,
ups.gapopen.UPSAMPLED.old,3.5,gap(224)-gap(64) UPSAMPLED (old),,"(0.003305325313411571, 0.001453339238365204, 4)",,,,v12 NATIVE/UPSAMPLED,
ups.slope.bp.UPSAMPLED.old,3.5,bp @224 - @64 UPSAMPLED (old),,"(-0.0003738087716674152, 0.001553214997075692, 2)",,,,v12 NATIVE/UPSAMPLED,
ups.slope.fa.UPSAMPLED.old,3.5,fa @224 - @64 UPSAMPLED (old),,"(0.003480596221441209, 0.0006691478752907899, 5)",,,,v12 NATIVE/UPSAMPLED,
ups.slope.pc.UPSAMPLED.old,3.5,pc @224 - @64 UPSAMPLED (old),,"(0.0036568174728147515, 0.00119939563376467, 5)",,,,v12 NATIVE/UPSAMPLED,
ups.slope.rnd.UPSAMPLED.old,3.5,rnd @224 - @64 UPSAMPLED (old),,"(0.002931516541744156, 0.00027116786492736405, 5)",,,,v12 NATIVE/UPSAMPLED,
ups.arm32.maxdiff.old,3.5,max|NATIVE-UPSAMPLED| @32,,0.0,,,,v12,
ups.step.bp.new,3.5,bp UP@64 - NATIVE@64 (first-step penalty) (new),,,,"(-0.022607335278206915, 0.0023899943432880246, 0)",,v12 NATIVE/UPSAMPLED,
ups.step.rnd.new,3.5,rnd UP@64 - NATIVE@64 (first-step penalty) (new),,,,"(-1.6566569970517808e-05, 0.00043544087949828284, 2)",,v12 NATIVE/UPSAMPLED,
ups.gapopen.NATIVE.new,3.5,gap(224)-gap(64) NATIVE (new),,,,"(0.020704162555562195, 0.0011768624400853166, 5)",,v12 NATIVE/UPSAMPLED,
ups.slope.bp.NATIVE.new,3.5,bp @224 - @64 NATIVE (new),,,,"(-0.015864319186407384, 0.001338589052445994, 0)",,v12 NATIVE/UPSAMPLED,
ups.slope.fa.NATIVE.new,3.5,fa @224 - @64 NATIVE (new),,,,"(-0.002667182453270826, 0.00040833193965596383, 0)",,v12 NATIVE/UPSAMPLED,
ups.slope.pc.NATIVE.new,3.5,pc @224 - @64 NATIVE (new),,,,"(-0.0032863163071572, 0.001168077516912556, 0)",,v12 NATIVE/UPSAMPLED,
ups.slope.rnd.NATIVE.new,3.5,rnd @224 - @64 NATIVE (new),,,,"(0.00483984336915481, 0.000488120076873592, 5)",,v12 NATIVE/UPSAMPLED,
ups.gapopen.UPSAMPLED.new,3.5,gap(224)-gap(64) UPSAMPLED (new),,,,"(0.0023480228782511007, 0.000990984813293056, 4)",,v12 NATIVE/UPSAMPLED,
ups.slope.bp.UPSAMPLED.new,3.5,bp @224 - @64 UPSAMPLED (new),,,,"(-0.0002150274787675554, 0.0010620243725855338, 2)",,v12 NATIVE/UPSAMPLED,
ups.slope.fa.UPSAMPLED.new,3.5,fa @224 - @64 UPSAMPLED (new),,,,"(0.002414143009863785, 0.000460106513520536, 5)",,v12 NATIVE/UPSAMPLED,
ups.slope.pc.UPSAMPLED.new,3.5,pc @224 - @64 UPSAMPLED (new),,,,"(0.0025624563289695975, 0.0008171862644644047, 5)",,v12 NATIVE/UPSAMPLED,
ups.slope.rnd.UPSAMPLED.new,3.5,rnd @224 - @64 UPSAMPLED (new),,,,"(0.0021329953994835464, 0.00019505557854573792, 5)",,v12 NATIVE/UPSAMPLED,
ups.arm32.maxdiff.new,3.5,max|NATIVE-UPSAMPLED| @32,,,,0.0,,v12,
td.backprop.224.old,3.6,"backprop epoch40-epoch0 @224 (old: persub, all)",,"(-0.0307866544413281, 0.004762428246300024, 5)",,,,training-dynamics RDMs,"v2 convention here is per subject, all pairs; tuple = mean, SEM, seeds negative"
td.backprop.224.new,3.6,"backprop epoch40-epoch0 @224 (new: persub, cr)",,,,"(-0.029746244443783498, 0.004678300204784012, 5)",,training-dynamics RDMs,"v2 convention here is per subject, all pairs; tuple = mean, SEM, seeds negative"
td.backprop.32.old,3.6,"backprop epoch40-epoch0 @32 (old: persub, all)",,"(-0.00032304253567924657, 0.005320294961394534, 3)",,,,training-dynamics RDMs,"v2 convention here is per subject, all pairs; tuple = mean, SEM, seeds negative"
td.backprop.32.new,3.6,"backprop epoch40-epoch0 @32 (new: persub, cr)",,,,"(0.0008127534939295731, 0.005270066556743454, 3)",,training-dynamics RDMs,"v2 convention here is per subject, all pairs; tuple = mean, SEM, seeds negative"
td.feedback_alignment.224.old,3.6,"feedback_alignment epoch40-epoch0 @224 (old: persub, all)",,"(-0.030973197087325117, 0.007417627062721242, 5)",,,,training-dynamics RDMs,"v2 convention here is per subject, all pairs; tuple = mean, SEM, seeds negative"
td.feedback_alignment.224.new,3.6,"feedback_alignment epoch40-epoch0 @224 (new: persub, cr)",,,,"(-0.030536262937174808, 0.0073212737967267945, 5)",,training-dynamics RDMs,"v2 convention here is per subject, all pairs; tuple = mean, SEM, seeds negative"
td.feedback_alignment.32.old,3.6,"feedback_alignment epoch40-epoch0 @32 (old: persub, all)",,"(-0.021228850495114897, 0.0066510008652078305, 4)",,,,training-dynamics RDMs,"v2 convention here is per subject, all pairs; tuple = mean, SEM, seeds negative"
td.feedback_alignment.32.new,3.6,"feedback_alignment epoch40-epoch0 @32 (new: persub, cr)",,,,"(-0.020576620067541795, 0.006509353971664103, 4)",,training-dynamics RDMs,"v2 convention here is per subject, all pairs; tuple = mean, SEM, seeds negative"
td.predictive_coding.224.old,3.6,"predictive_coding epoch40-epoch0 @224 (old: persub, all)",,"(-0.04029167272187617, 0.003400158508427417, 5)",,,,training-dynamics RDMs,"v2 convention here is per subject, all pairs; tuple = mean, SEM, seeds negative"
td.predictive_coding.224.new,3.6,"predictive_coding epoch40-epoch0 @224 (new: persub, cr)",,,,"(-0.0396510877642229, 0.0033633320600541332, 5)",,training-dynamics RDMs,"v2 convention here is per subject, all pairs; tuple = mean, SEM, seeds negative"
td.predictive_coding.32.old,3.6,"predictive_coding epoch40-epoch0 @32 (old: persub, all)",,"(-0.025806283772775877, 0.003962731725278062, 5)",,,,training-dynamics RDMs,"v2 convention here is per subject, all pairs; tuple = mean, SEM, seeds negative"
td.predictive_coding.32.new,3.6,"predictive_coding epoch40-epoch0 @32 (new: persub, cr)",,,,"(-0.02498508873723548, 0.003917479249998, 5)",,training-dynamics RDMs,"v2 convention here is per subject, all pairs; tuple = mean, SEM, seeds negative"
td.stdp.224.old,3.6,"stdp epoch40-epoch0 @224 (old: persub, all)",,"(-0.017542620707719548, 0.003322265400533041, 5)",,,,training-dynamics RDMs,"v2 convention here is per subject, all pairs; tuple = mean, SEM, seeds negative"
td.stdp.224.new,3.6,"stdp epoch40-epoch0 @224 (new: persub, cr)",,,,"(-0.01695889762097898, 0.0033152316594545314, 5)",,training-dynamics RDMs,"v2 convention here is per subject, all pairs; tuple = mean, SEM, seeds negative"
td.stdp.32.old,3.6,"stdp epoch40-epoch0 @32 (old: persub, all)",,"(0.0033337411192625407, 0.0037611466659395135, 2)",,,,training-dynamics RDMs,"v2 convention here is per subject, all pairs; tuple = mean, SEM, seeds negative"
td.stdp.32.new,3.6,"stdp epoch40-epoch0 @32 (new: persub, cr)",,,,"(0.004233457454771853, 0.0037588060044604437, 2)",,training-dynamics RDMs,"v2 convention here is per subject, all pairs; tuple = mean, SEM, seeds negative"
