variant,res,seed_idx,rho_v1,rho_MEANRGB,rho_COLORHIST,rho_MEANLUM,rho_PIXEL
Random (identity BN),32,0,0.07056301942098862,0.2658126528532951,0.4880535764074728,0.5599545924785101,0.1720106712467382
Random (identity BN),32,1,0.05701000179387096,0.27726464944771895,0.4360667225095524,0.6201223282072692,0.18983427685532342
Random (identity BN),32,2,0.0670573802393559,0.27018541385625744,0.47354057448428394,0.5803757868578203,0.1908233974760925
Random (identity BN),32,3,0.06732235793003827,0.22036010391653574,0.4803896119425488,0.6068432363141221,0.13912980256293028
Random (identity BN),32,4,0.060508678286062635,0.2064985844378924,0.4656804613142768,0.627444700060648,0.14927569471597665
Random (identity BN),64,0,0.07584890609663159,0.26500366391005087,0.5168354210064438,0.5640716078640817,0.16089019006481733
Random (identity BN),64,1,0.05938876443410557,0.2706691678647059,0.4572477727111204,0.6271378310473837,0.18240905085191725
Random (identity BN),64,2,0.07107963627515328,0.2655323773141528,0.5027065674777926,0.5855779714427294,0.18085129318875
Random (identity BN),64,3,0.07321356155279198,0.21687371352026014,0.49925947132074855,0.6166382539031808,0.13251563340905106
Random (identity BN),64,4,0.06431514214641425,0.20228085800316334,0.4869268893949175,0.6393731622235439,0.14018586136022
Random (identity BN),96,0,0.0789901045633774,0.2643352518175046,0.5282933362521955,0.5657612980559185,0.1564932677075788
Random (identity BN),96,1,0.06094210630006004,0.26801352341528867,0.4668114536254329,0.6304896896134732,0.17894008653267185
Random (identity BN),96,2,0.0735859858893093,0.263339858208844,0.5152732409464555,0.5879949648770058,0.17637937960802633
Random (identity BN),96,3,0.07628304334099938,0.2154815824953537,0.5070481586155301,0.6206400838425311,0.12963360450184
Random (identity BN),96,4,0.06695871856262607,0.2009162913990741,0.4955867025547642,0.6441635030154081,0.13665828644325173
Random (identity BN),128,0,0.08090232867222667,0.2639488244686721,0.5347786112066026,0.566832493928274,0.15410962883055362
Random (identity BN),128,1,0.06190509264822106,0.266303418856989,0.4725362929708529,0.632611227573794,0.17690305499817088
Random (identity BN),128,2,0.0753583701789113,0.2618229876659059,0.5225254455064553,0.5896124974823155,0.17362909996551565
Random (identity BN),128,3,0.07808639066545903,0.21440854662648237,0.5113257035596781,0.6229327445205174,0.12785131900608518
Random (identity BN),128,4,0.06845957295108165,0.20008207830623034,0.5007541044616975,0.6470700664150357,0.13461770521903618
Random (identity BN),160,0,0.08219543940320462,0.2637359351437604,0.5386502115976325,0.5673811184169784,0.15268255477286988
Random (identity BN),160,1,0.06259559893102598,0.265139725384173,0.47613926994145866,0.6339839762565479,0.1756028255735928
Random (identity BN),160,2,0.07650329520108627,0.26048270511069826,0.5269396001739964,0.590291390175676,0.17179968976740378
Random (identity BN),160,3,0.07926961974230137,0.21365684644710423,0.5138769975159886,0.6240732947849384,0.1268341115258696
Random (identity BN),160,4,0.0694348425796391,0.19955464381495225,0.5039617686760628,0.6485647754617517,0.13336915874141464
Random (identity BN),224,0,0.08397746372023958,0.2632332103246831,0.5435580660774408,0.5684118085021941,0.15063468332740051
Random (identity BN),224,1,0.06348765189406456,0.26327563602240006,0.4810287031463842,0.6357001594085521,0.17364524540310894
Random (identity BN),224,2,0.07813753975368926,0.258753128189921,0.5327036636482411,0.5911718311530542,0.16922832357832107
Random (identity BN),224,3,0.08087665886652869,0.2125121632478135,0.5172355762044258,0.6257200081099822,0.12528313893835774
Random (identity BN),224,4,0.07084449299530862,0.1986250045465803,0.5081077172735151,0.6506659028176854,0.13156685615907016
A CIFAR@32,32,0,0.057077194593104646,0.4270822371163016,0.32740100235991604,0.4833519692604108,0.27315540800544863
A CIFAR@32,32,1,0.05892688473196806,0.31540881034770907,0.34052119178997786,0.5559401232986698,0.21309219621720635
A CIFAR@32,32,2,0.058657908534476624,0.3818662256206279,0.32388185753595916,0.4760918673122708,0.27575791001729816
A CIFAR@32,32,3,0.05181541972180741,0.31431238858893523,0.3437066814834739,0.5009363358223696,0.20208645440513734
A CIFAR@32,32,4,0.0812892552487081,0.3280821353753814,0.3432639290962964,0.5468542573086086,0.22391070135078447
A CIFAR@32,64,0,0.051135147814921636,0.42365700643225224,0.3210402134260759,0.4558103415909748,0.2714920492949464
A CIFAR@32,64,1,0.05458571100476473,0.33275690357414167,0.32344009234022403,0.5250594491627658,0.22127494278677534
A CIFAR@32,64,2,0.053490497378772706,0.37933149335774186,0.3073711874052632,0.44236989096235885,0.27607791450906244
A CIFAR@32,64,3,0.04826780961706794,0.3429805352109465,0.32304838985749035,0.47452833236743747,0.21346277330889846
A CIFAR@32,64,4,0.07266198758595577,0.34277757320908264,0.33093013122551046,0.508156472618462,0.22929302394023665
A CIFAR@32,96,0,0.048222406301829356,0.42347703387551316,0.3288940187306509,0.447077383161169,0.27132820813861586
A CIFAR@32,96,1,0.052069525186848,0.3418580607433427,0.32692051976395065,0.516227125743033,0.22454175932076387
A CIFAR@32,96,2,0.04989411359062872,0.3790944847357306,0.31359565182686716,0.43185028743619097,0.2765455695928614
A CIFAR@32,96,3,0.046310496407267546,0.35719352064403875,0.3254326313931827,0.4671513933144098,0.2175047402022033
A CIFAR@32,96,4,0.0674921664305767,0.350366929031406,0.34071971843474425,0.49537628944112944,0.23099994179348227
A CIFAR@32,128,0,0.04634258912030228,0.42333360753064037,0.33678160408462066,0.44341088724154665,0.2710130080094955
A CIFAR@32,128,1,0.0507292560782599,0.3468736776931099,0.33291982002490805,0.5136411342793822,0.22598732218269113
A CIFAR@32,128,2,0.04813563135608023,0.37956999123683605,0.3222994278190295,0.42857792339597645,0.2766157800193864
A CIFAR@32,128,3,0.04541415644554783,0.36492115565479266,0.3310583562769962,0.465240077647645,0.2192535432426643
A CIFAR@32,128,4,0.06435120536517745,0.3540736902730975,0.35131704729978924,0.49024329750118445,0.2311558272210083
A CIFAR@32,160,0,0.04548017091648415,0.4234589944099027,0.3428397256498911,0.44221867950253185,0.2708282301067856
A CIFAR@32,160,1,0.050260374976033056,0.3496742481451508,0.33817525514915014,0.513123787568393,0.22663125436092035
A CIFAR@32,160,2,0.04737157152722419,0.38012960546690416,0.3294305319505606,0.42767325255122385,0.27645857296623805
A CIFAR@32,160,3,0.04524235823818936,0.36896029321290247,0.33581424308792834,0.46502746087078173,0.21992940338835293
A CIFAR@32,160,4,0.06291298478261102,0.3559385290966832,0.35964741698561825,0.4880814428557318,0.230867031840303
A CIFAR@32,224,0,0.04424742180728544,0.42301348074007383,0.3528843084503641,0.441453037837546,0.2697262809514964
A CIFAR@32,224,1,0.04973904626608338,0.35308151549628475,0.3471850460595109,0.5135846668888889,0.22704377884720517
A CIFAR@32,224,2,0.04664566829149775,0.38025644400294534,0.3416164247935953,0.4278875950178705,0.2753815093563308
A CIFAR@32,224,3,0.04533357954260284,0.3745493569032618,0.34484699163436233,0.46560126295601,0.22058286190141896
A CIFAR@32,224,4,0.06095765290980135,0.3578584414687688,0.37283536176832666,0.4856039273036316,0.22973449361071863
B CIFAR@eval-res,32,0,0.057077194593104646,0.4270822371163016,0.32740100235991604,0.4833519692604108,0.27315540800544863
B CIFAR@eval-res,32,1,0.05892688473196806,0.31540881034770907,0.34052119178997786,0.5559401232986698,0.21309219621720635
B CIFAR@eval-res,32,2,0.058657908534476624,0.3818662256206279,0.32388185753595916,0.4760918673122708,0.27575791001729816
B CIFAR@eval-res,32,3,0.05181541972180741,0.31431238858893523,0.3437066814834739,0.5009363358223696,0.20208645440513734
B CIFAR@eval-res,32,4,0.0812892552487081,0.3280821353753814,0.3432639290962964,0.5468542573086086,0.22391070135078447
B CIFAR@eval-res,64,0,0.07024376181361341,0.4759914008531662,0.35488207453545,0.4929353532346747,0.2846269632027393
B CIFAR@eval-res,64,1,0.06341724087403548,0.3023083657514882,0.3747138091995313,0.5716890701971732,0.20297667094000127
B CIFAR@eval-res,64,2,0.07282825299040756,0.3917432691486283,0.3776157985157255,0.4872443815256732,0.27753253715705195
B CIFAR@eval-res,64,3,0.05767658679006856,0.32609011117152836,0.38506831175155765,0.5079832494839329,0.19670115595830062
B CIFAR@eval-res,64,4,0.0972449614384406,0.36509605448554455,0.3700148116533769,0.5545910730650233,0.2310786336722365
B CIFAR@eval-res,96,0,0.06985561507684394,0.4817656184944875,0.3501907339887827,0.48315066396860906,0.28659452904525623
B CIFAR@eval-res,96,1,0.06194039645166626,0.3062944441855267,0.37344178336072664,0.5636845594043431,0.20450678122400925
B CIFAR@eval-res,96,2,0.07627923840794637,0.38905634510804077,0.3909990051443832,0.4840189471013614,0.27575793437433654
B CIFAR@eval-res,96,3,0.05778493714094316,0.3347679942068307,0.3907418048078054,0.50174832790013,0.19821437108430176
B CIFAR@eval-res,96,4,0.09846093757233858,0.3838205286010393,0.3679900384735939,0.543305577564441,0.23664935358671269
B CIFAR@eval-res,128,0,0.06946152618998584,0.4840243984359295,0.34866988757610695,0.47744140299018517,0.2877591608465777
B CIFAR@eval-res,128,1,0.06119604166257738,0.30806501374265877,0.3744510830957801,0.5596055788145384,0.2051221295800284
B CIFAR@eval-res,128,2,0.08015632891633337,0.3841721943110575,0.4081093549000486,0.48566693571914055,0.2721841335999859
B CIFAR@eval-res,128,3,0.058135862764713296,0.3386989186054357,0.39660853417124914,0.49945239945155234,0.19892678416140722
B CIFAR@eval-res,128,4,0.0988193096223641,0.3958743237961757,0.36765226388357974,0.5360061763314793,0.24040042855334298
B CIFAR@eval-res,160,0,0.06844761675955098,0.48469333703825057,0.34586823829322866,0.47273067224022897,0.2887085407151253
B CIFAR@eval-res,160,1,0.05998111959658847,0.3114536931915856,0.3715361180722454,0.5541940793016862,0.20694858593761017
B CIFAR@eval-res,160,2,0.0820505592166487,0.3813279115883973,0.4146471471735443,0.4848074887742225,0.2704500720108338
B CIFAR@eval-res,160,3,0.05755751446191284,0.34086905066300177,0.3962674185964343,0.49631876039069805,0.20004878664233694
B CIFAR@eval-res,160,4,0.09802033968885275,0.40273405431175757,0.36506133484350517,0.5295185438921316,0.24312664979101267
B CIFAR@eval-res,224,0,0.06639158175301621,0.48436582173382714,0.3423295391613181,0.46564706341927564,0.28941610369494336
B CIFAR@eval-res,224,1,0.0580614443976221,0.31718765586704895,0.36655469841040556,0.5462253378687916,0.20992048552702275
B CIFAR@eval-res,224,2,0.08453203919588556,0.3749744948491723,0.4254095456835292,0.4845676305652587,0.26651303435463
B CIFAR@eval-res,224,3,0.056381525300549254,0.3445467849266099,0.39385863788758546,0.4912255364067184,0.20240876453275164
B CIFAR@eval-res,224,4,0.09544307293943231,0.41151695006026656,0.3604002351644342,0.5188473497055788,0.24681481867566152
C THINGS-disjoint@32,32,0,0.060953585095548456,0.2010355837735906,0.4158640045354382,0.502851023521801,0.18240082134000363
C THINGS-disjoint@32,32,1,0.06907688409818802,0.14658046868007613,0.4084041083847883,0.580019354764622,0.13457955620971185
C THINGS-disjoint@32,32,2,0.06003096731487522,0.14612757601849127,0.44396034775021226,0.49965917632450746,0.16176592816289032
C THINGS-disjoint@32,32,3,0.0604387829178297,0.1516895297545758,0.4148650908833745,0.5255137519411854,0.12673858078734063
C THINGS-disjoint@32,32,4,0.0810859047115704,0.1795179398307451,0.3912498783366127,0.5545819545345508,0.16246083004854764
C THINGS-disjoint@32,64,0,0.05612541079654527,0.18862501434474951,0.4124391868014505,0.47794333962404945,0.17708566120876765
C THINGS-disjoint@32,64,1,0.06610312949492071,0.15847472643093022,0.3924080511550237,0.5527260131098966,0.14500504025534167
C THINGS-disjoint@32,64,2,0.055534676406954434,0.14103837858546497,0.4301319258870942,0.4667323224355147,0.1609973601019156
C THINGS-disjoint@32,64,3,0.05919879159843595,0.1749328318831559,0.3914596164374249,0.5034993900279287,0.1426552329234883
C THINGS-disjoint@32,64,4,0.0741003093188696,0.18365024345103417,0.38334131405308786,0.5211700935245916,0.16620090532667137
C THINGS-disjoint@32,96,0,0.053552304363723754,0.18813403643092608,0.41899869023250286,0.4690306204465087,0.1747230631502529
C THINGS-disjoint@32,96,1,0.06370372558350162,0.1678588009862412,0.3937526313945388,0.5437444195529468,0.14892773794270522
C THINGS-disjoint@32,96,2,0.05252556829070391,0.14413852297325747,0.4335902151419309,0.45501888038153365,0.16066408918019282
C THINGS-disjoint@32,96,3,0.05766807720070044,0.1896494403461137,0.38838407387949037,0.4953730618509468,0.14931568712358062
C THINGS-disjoint@32,96,4,0.06946158545675267,0.1913670967573957,0.3911615809906405,0.5092113147783941,0.16771067030797884
C THINGS-disjoint@32,128,0,0.05197404104285841,0.1900024768447089,0.42578140826467054,0.46499304166910105,0.17344476192451008
C THINGS-disjoint@32,128,1,0.06230924497945607,0.1748541026650103,0.39775594281142046,0.540661468181577,0.15112404821370606
C THINGS-disjoint@32,128,2,0.05091262979682684,0.14802127548432828,0.43978823879431383,0.4508189413190147,0.16050931721254755
C THINGS-disjoint@32,128,3,0.0567529156683907,0.1997491234951203,0.3896827007536538,0.49234707139608047,0.1531254508153723
C THINGS-disjoint@32,128,4,0.06641316230548128,0.1977873857320292,0.39934024392602224,0.5039229764497882,0.16827961718958095
C THINGS-disjoint@32,160,0,0.051164542438648104,0.19243376825635314,0.43079946441916767,0.4633707246756064,0.17308395204504765
C THINGS-disjoint@32,160,1,0.06164198293748799,0.18000258209860495,0.40142372176909863,0.5396782206125836,0.1524494252657172
C THINGS-disjoint@32,160,2,0.05008361631119872,0.15140583362847793,0.4448054496488523,0.44911102693450555,0.16048260764449526
C THINGS-disjoint@32,160,3,0.056360700092092895,0.20639478866722938,0.391436747738269,0.4911669954663281,0.15534405983282673
C THINGS-disjoint@32,160,4,0.0648488501457098,0.20245336349419069,0.40584126904217227,0.5014849854865808,0.16852559379882281
C THINGS-disjoint@32,224,0,0.05026797241835964,0.19589089132150309,0.4390686896909785,0.46212380764948596,0.17185370951593562
C THINGS-disjoint@32,224,1,0.06089079093720977,0.1877082527611641,0.4078149756580269,0.539400234908533,0.15412520778445044
C THINGS-disjoint@32,224,2,0.049365978762998496,0.1567170231713672,0.45353809704915543,0.44804553316507123,0.16001987435002404
C THINGS-disjoint@32,224,3,0.056097515507059714,0.2169083040620047,0.39576881054036184,0.4903873065797035,0.1585270490888802
C THINGS-disjoint@32,224,4,0.06282842096652333,0.20998970937559355,0.4163723760752966,0.4987372898273671,0.168738843252659
D THINGS-disjoint@res,32,0,0.060953585095548456,0.2010355837735906,0.4158640045354382,0.502851023521801,0.18240082134000363
D THINGS-disjoint@res,32,1,0.06907688409818802,0.14658046868007613,0.4084041083847883,0.580019354764622,0.13457955620971185
D THINGS-disjoint@res,32,2,0.06003096731487522,0.14612757601849127,0.44396034775021226,0.49965917632450746,0.16176592816289032
D THINGS-disjoint@res,32,3,0.0604387829178297,0.1516895297545758,0.4148650908833745,0.5255137519411854,0.12673858078734063
D THINGS-disjoint@res,32,4,0.0810859047115704,0.1795179398307451,0.3912498783366127,0.5545819545345508,0.16246083004854764
D THINGS-disjoint@res,64,0,0.06134933309252563,0.2040837783572817,0.4145127142963442,0.4884335028720055,0.18450324246939676
D THINGS-disjoint@res,64,1,0.06917667051874488,0.14987086218527435,0.4074510844267057,0.5679190928615381,0.13639371983217416
D THINGS-disjoint@res,64,2,0.06118977607651633,0.14508600209553402,0.44714340904412353,0.4811193393856438,0.16121737264798633
D THINGS-disjoint@res,64,3,0.06148311217703738,0.16607474605796568,0.41245845322292285,0.513542492151009,0.13277716063154277
D THINGS-disjoint@res,64,4,0.08176233654393775,0.1871014832994936,0.38913322405405015,0.5348210960119609,0.16613129157537987
D THINGS-disjoint@res,96,0,0.060869726966271194,0.2056754529972412,0.4148364195962145,0.4807786676442849,0.18561214433887793
D THINGS-disjoint@res,96,1,0.06807913571373045,0.1527606860100205,0.4073131289940578,0.5612413377481126,0.13759031405399452
D THINGS-disjoint@res,96,2,0.06084664676180036,0.145470479311662,0.44895684266785807,0.4715342467306104,0.1615878955639093
D THINGS-disjoint@res,96,3,0.06117443976374583,0.1736171827593517,0.4120494307993616,0.5072982107710067,0.13576753999190927
D THINGS-disjoint@res,96,4,0.08096769195328361,0.19197159704255606,0.3896838217868199,0.5244724763794019,0.16836204715683548
D THINGS-disjoint@res,128,0,0.060112593280995726,0.2070183756180175,0.4153567464142689,0.4757673704766723,0.1864267348823957
D THINGS-disjoint@res,128,1,0.06708103568969617,0.15499104902669017,0.4074819022450469,0.557216610131867,0.1386032818262529
D THINGS-disjoint@res,128,2,0.06033783836241231,0.14601227767743477,0.4505057304802786,0.4659724263845273,0.1621390676178144
D THINGS-disjoint@res,128,3,0.060628233158412204,0.1782973314602924,0.4120023568795995,0.503643209299873,0.1378376030420133
D THINGS-disjoint@res,128,4,0.07975969103768503,0.1949950552723953,0.3905259140209025,0.5181467713637509,0.16978957496001004
D THINGS-disjoint@res,160,0,0.059713403754666085,0.20887454474492056,0.41570097144099705,0.4731851452738109,0.18748384992261255
D THINGS-disjoint@res,160,1,0.06636965814966041,0.15678401377485163,0.4077368027230247,0.5546948983196263,0.13933870086180855
D THINGS-disjoint@res,160,2,0.06007719628269173,0.14701279538479112,0.45140726706789513,0.46276752937358134,0.16282042469776964
D THINGS-disjoint@res,160,3,0.060267858385231785,0.18125478622022223,0.41219289976737056,0.501525256769745,0.13913662799649745
D THINGS-disjoint@res,160,4,0.07908796531329032,0.19760408991181205,0.39149938478104657,0.5144238288673788,0.17085829587012558
D THINGS-disjoint@res,224,0,0.058780320450382235,0.2107548551065035,0.4161883240076581,0.46939721949646757,0.18822271313967698
D THINGS-disjoint@res,224,1,0.06499064546783458,0.15972502692871376,0.407529733060638,0.5508789543081353,0.14059593545220303
D THINGS-disjoint@res,224,2,0.05928602098112894,0.1482433858441667,0.4523566714348679,0.45823274105643,0.16352955340148326
D THINGS-disjoint@res,224,3,0.05941631211289687,0.1860469476966862,0.41208480618804205,0.49808168529977687,0.14132783306691923
D THINGS-disjoint@res,224,4,0.07737152171012272,0.20158447906126742,0.3927532464906932,0.5084431095373495,0.17242360637081997
