rule,res,seed_idx,pooled_positions,rho_v1,rho_MEANRGB,rho_COLORHIST,rho_MEANLUM,rho_PIXEL
Random Weights,32,0,256,0.07056301921473254,0.2658126530227038,0.4880535747360312,0.5599545918658813,0.17201067257273842
Random Weights,32,1,256,0.05701000235030466,0.27726464806214446,0.43606672477253805,0.6201223300358412,0.1898342756157913
Random Weights,32,2,256,0.06705738068494443,0.2701854111896106,0.47354057523450305,0.58037578655939,0.19082339606088058
Random Weights,32,3,256,0.06732235821757139,0.22036010180406398,0.48038961161279753,0.6068432371554545,0.13912980277716924
Random Weights,32,4,256,0.060508679050114526,0.20649858516958772,0.46568046137843255,0.6274447005681343,0.1492756940701309
Random Weights,64,0,1024,0.07584890732036986,0.26500366432888045,0.5168354220794474,0.564071608447039,0.1608901911086665
Random Weights,64,1,1024,0.05938876597229966,0.2706691693119486,0.45724777223375984,0.6271378301331506,0.18240904909490252
Random Weights,64,2,1024,0.07107963479614714,0.26553237754097914,0.502706567205888,0.5855779717120005,0.1808512925427464
Random Weights,64,3,1024,0.07321356117238956,0.2168737150539052,0.4992594706561667,0.6166382535553231,0.13251563196238528
Random Weights,64,4,1024,0.0643151412992054,0.20228085870324744,0.4869268881213059,0.6393731627270792,0.14018586174786615
Random Weights,96,0,2304,0.07899010422507259,0.2643352508591884,0.5282933342053217,0.5657612994174608,0.1564932666515244
Random Weights,96,1,2304,0.06094210737524948,0.2680135228570691,0.466811454599815,0.6304896900481862,0.17894008485486432
Random Weights,96,2,2304,0.07358598719284665,0.2633398577411235,0.5152732401969343,0.5879949664842528,0.17637937974832915
Random Weights,96,3,2304,0.07628304393697322,0.21548158182635221,0.5070481582723935,0.6206400832830778,0.12963360576541058
Random Weights,96,4,2304,0.06695871869091424,0.20091629094230173,0.49558670285488454,0.6441635021635109,0.13665828620492265
Random Weights,128,0,4096,0.08090232708619512,0.2639488244660768,0.534778611431491,0.5668324941308935,0.15410962855783358
Random Weights,128,1,4096,0.061905095313561545,0.2663034178842643,0.47253629358815274,0.6326112268939297,0.1769030550987504
Random Weights,128,2,4096,0.07535837045760392,0.26182298712135077,0.5225254449223068,0.5896124971363679,0.17362909934265006
Random Weights,128,3,4096,0.07808638966756404,0.2144085457232591,0.5113257035768435,0.6229327446865877,0.12785131982227502
Random Weights,128,4,4096,0.06845957042966239,0.20008207868104708,0.5007541031381681,0.6470700679350883,0.13461770712610246
Random Weights,160,0,6400,0.08219544016160207,0.263735935344418,0.5386502118891753,0.567381117402453,0.15268255468075928
Random Weights,160,1,6400,0.062595600127428,0.26513972367673894,0.4761392704483076,0.6339839762840668,0.17560282560885504
Random Weights,160,2,6400,0.07650329490146228,0.26048270633918713,0.5269396010243649,0.5902913908525499,0.17179969131889097
Random Weights,160,3,6400,0.07926961857823217,0.21365684789997214,0.5138769999853898,0.6240732929399249,0.12683411212048368
Random Weights,160,4,6400,0.06943484199364859,0.19955464383860713,0.5039617706721877,0.6485647750410846,0.13336915782946973
Random Weights,224,0,12544,0.08397746459288635,0.26323321119167953,0.543558066067876,0.5684118074597564,0.15063468177951175
Random Weights,224,1,12544,0.06348765120722329,0.26327563660595366,0.48102870287813704,0.6357001595928019,0.1736452447200204
Random Weights,224,2,12544,0.07813753779580596,0.2587531256809423,0.5327036628051459,0.5911718305177227,0.1692283218074456
Random Weights,224,3,12544,0.08087665907354429,0.21251216290926264,0.5172355750320341,0.6257200079113283,0.1252831398482965
Random Weights,224,4,12544,0.07084449308830928,0.19862500447566467,0.5081077171807086,0.6506659034511644,0.1315668573348651
Random Weights (BN-calibrated),32,0,256,0.017406114881176365,0.4074326593591465,0.24625132971671854,0.39758690181312867,0.2634134440629983
Random Weights (BN-calibrated),32,1,256,0.01112734919071489,0.33499064611170243,0.2461388280601363,0.4430769354887125,0.22039701864582287
Random Weights (BN-calibrated),32,2,256,0.024902069845629246,0.3936382563034694,0.23773758426314798,0.39897158245236053,0.27334519866053325
Random Weights (BN-calibrated),32,3,256,0.008158135085091759,0.31016236085253934,0.25965779936314665,0.3936317615791369,0.19532576345652441
Random Weights (BN-calibrated),32,4,256,0.02932759032158991,0.29443430780293817,0.28962455791579583,0.45069747475612354,0.20560562231448315
Random Weights (BN-calibrated),64,0,1024,0.011757835203208646,0.40732990919175116,0.25273481860927266,0.38366014656691777,0.2618406715578792
Random Weights (BN-calibrated),64,1,1024,0.007917705317440751,0.3437336473462774,0.25597325657111036,0.4351325931044689,0.2235228170194242
Random Weights (BN-calibrated),64,2,1024,0.019985763340160202,0.39452504643421904,0.2444802523521538,0.38338006688349835,0.27438335084772614
Random Weights (BN-calibrated),64,3,1024,0.006088349226068588,0.3363037957051071,0.2688131003166425,0.3881093157047265,0.20244523199440137
Random Weights (BN-calibrated),64,4,1024,0.0212799327945454,0.303999137543312,0.2970862702204616,0.42786867318496863,0.20654430183057323
Random Weights (BN-calibrated),96,0,2304,0.009709764420297032,0.40865491691202593,0.2642492695645837,0.38114665214184185,0.2617968393112709
Random Weights (BN-calibrated),96,1,2304,0.007052489185726773,0.3484955111859933,0.2689361930031884,0.4365640789102691,0.22451165719124708
Random Weights (BN-calibrated),96,2,2304,0.01802846569916896,0.39523519336581475,0.25867379921796396,0.3818433923904961,0.2749687757524385
Random Weights (BN-calibrated),96,3,2304,0.005772744038749647,0.34728560989126334,0.2823696399292522,0.39046345309340363,0.20480006192880934
Random Weights (BN-calibrated),96,4,2304,0.017598736281404802,0.3084772063101921,0.31261162160017225,0.42327778936994137,0.2057886393616614
Random Weights (BN-calibrated),128,0,4096,0.008618561331823487,0.4098964438985347,0.27340337552560046,0.38082533086833326,0.26162908357978054
Random Weights (BN-calibrated),128,1,4096,0.006810129943588759,0.3513933468267007,0.2785169249071325,0.43855350407783156,0.22468944773617158
Random Weights (BN-calibrated),128,2,4096,0.01731022128493148,0.3959570554231467,0.2703082129883334,0.382496904726322,0.275165977747384
Random Weights (BN-calibrated),128,3,4096,0.006047774226214695,0.35328446681244563,0.2928858463567263,0.3934138688710087,0.20566699128009644
Random Weights (BN-calibrated),128,4,4096,0.015962677511913232,0.31119555080840916,0.3248027671923535,0.42215458873781475,0.20468574885501095
Random Weights (BN-calibrated),160,0,6400,0.008221249889338374,0.4109848283110316,0.28005967966392936,0.3812819978583584,0.2616542705348036
Random Weights (BN-calibrated),160,1,6400,0.0069520911728722405,0.35336348498223885,0.2851833264664656,0.44038085100596064,0.22492540501195013
Random Weights (BN-calibrated),160,2,6400,0.01709329265075284,0.39638985685155176,0.27893320332463345,0.38374376564018475,0.27519349767905293
Random Weights (BN-calibrated),160,3,6400,0.006489289915035334,0.3566224861590584,0.30006600162352026,0.39573591407459346,0.2061204560521383
Random Weights (BN-calibrated),160,4,6400,0.015236530554870861,0.3129085543361942,0.3335909450455992,0.42197737055347817,0.20397511434908652
Random Weights (BN-calibrated),224,0,12544,0.007721587252517298,0.4121667606344215,0.29090397241155563,0.3827847594594393,0.26095074145001956
Random Weights (BN-calibrated),224,1,12544,0.00735406959680242,0.3552645703879169,0.2957889059292413,0.44365439429062936,0.22464482962885984
Random Weights (BN-calibrated),224,2,12544,0.01696499663776539,0.3964269083449268,0.2925466546645923,0.3862821950272745,0.27440678170001664
Random Weights (BN-calibrated),224,3,12544,0.007445647446618537,0.36118660132882874,0.31180848814907314,0.3995646262483026,0.20636618128611459
Random Weights (BN-calibrated),224,4,12544,0.014333965572900025,0.31486933343919193,0.34761628402367106,0.42217942050435797,0.20215708101272634
Backprop,32,0,256,0.06284977452600878,0.587813565878829,0.4156768087446946,0.323741210906929,0.3076690665276375
Backprop,32,1,256,0.07108062129803512,0.5760575793077272,0.4397354490252573,0.3543893925396715,0.29837036954886453
Backprop,32,2,256,0.05444027632203136,0.49374058968102713,0.4520760275670602,0.32851773633314046,0.283504990090606
Backprop,32,3,256,0.05554880632972513,0.5521388184828767,0.4570649925512219,0.30794427014710846,0.2624696619854682
Backprop,32,4,256,0.08326107234002725,0.522624361152779,0.4508951102043821,0.390034900015317,0.29350610044511244
Backprop,64,0,1024,0.05133703219661752,0.5922434576239127,0.3601361522973536,0.2989787913453114,0.30998596946814627
Backprop,64,1,1024,0.059669627232407464,0.5657570575646698,0.3858652175831864,0.32076751248110796,0.3017261592399137
Backprop,64,2,1024,0.04493593146739659,0.517907844399607,0.39468036664833855,0.30295264741263916,0.29504156098309203
Backprop,64,3,1024,0.04850532283146255,0.5567293001626119,0.3994379304342722,0.2919509241898416,0.27048818510862704
Backprop,64,4,1024,0.0708765842714354,0.5110519902830076,0.4067795248733624,0.3589416945231523,0.29552816358780454
Backprop,96,0,2304,0.042193669028851306,0.5895623065183299,0.34249421710505273,0.28369815033510476,0.3096826917502277
Backprop,96,1,2304,0.049718601306352986,0.5543844689259407,0.37013873962358557,0.3026746128662954,0.3009090484341227
Backprop,96,2,2304,0.03716801151042331,0.5254387762868051,0.37627758433893294,0.28814267815435884,0.29821667915588707
Backprop,96,3,2304,0.04201039864715981,0.5542130109883784,0.38116454804183736,0.2818125713042889,0.271430359702008
Backprop,96,4,2304,0.06061900110865522,0.5022536658021186,0.3953982463882959,0.3422039136013789,0.29468210553307644
Backprop,128,0,4096,0.03594724402381387,0.5867850819934586,0.3370943315931019,0.2742325232876787,0.3086035327602922
Backprop,128,1,4096,0.04288466938676282,0.5465050875519265,0.36523349683036693,0.2911625200475415,0.2990076777839836
Backprop,128,2,4096,0.032300462114109155,0.5281264573863123,0.3703457650232547,0.2792618904065186,0.2989198262906931
Backprop,128,3,4096,0.03727667088733298,0.5512723981674008,0.3749606382212858,0.27540579564503553,0.27079332266226086
Backprop,128,4,4096,0.05351779363594701,0.49557244298321124,0.392631523983938,0.33184528259636,0.29267143195637435
Backprop,160,0,6400,0.03252204106004529,0.5844846521222259,0.33653075897574136,0.26894752264921884,0.3073818756096039
Backprop,160,1,6400,0.03877335470994603,0.5409651710206287,0.36475065310428,0.28437156122407536,0.2971385173263178
Backprop,160,2,6400,0.02946707554152239,0.5288273895970007,0.3693658693833225,0.27384555739805894,0.29843061635677204
Backprop,160,3,6400,0.03471214492214866,0.5489335432185672,0.374382235967593,0.2724256310851978,0.2697919560379604
Backprop,160,4,6400,0.04935314486142924,0.4911817405715961,0.39354673217671804,0.3263405614001498,0.2908786083438826
Backprop,224,0,12544,0.026648409869603807,0.5808733482328183,0.338289199748037,0.2609155287854661,0.3048319644279761
Backprop,224,1,12544,0.032594308074993056,0.5334263721973824,0.36638925673700895,0.27491897502563845,0.2935594180404172
Backprop,224,2,12544,0.02499654986676692,0.5302545310912203,0.3693673813568783,0.2661681007491424,0.2974593293509416
Backprop,224,3,12544,0.030368059729961695,0.545676991930642,0.3752802902514776,0.26734720280909113,0.26779335750004746
Backprop,224,4,12544,0.04245470829825524,0.4851002582111081,0.3967576320399429,0.31792953143192443,0.28739847082750597
Feedback Alignment,32,0,256,0.02949393538972963,0.3563332522906227,0.2898512238068084,0.40077755162453316,0.24862313368409292
Feedback Alignment,32,1,256,0.023540920072810813,0.3701661318109431,0.27132120109516256,0.41179383081913684,0.2616279952433578
Feedback Alignment,32,2,256,0.020531437208490638,0.3028488618802937,0.25713494246077606,0.4349699237154616,0.21498563947756888
Feedback Alignment,32,3,256,0.010255155872012697,0.369974119246062,0.24938280384880568,0.3768891941482937,0.23490162679860774
Feedback Alignment,32,4,256,0.017764342317302482,0.34828161954069936,0.2520539334133798,0.3934462758537126,0.24585279643451485
Feedback Alignment,64,0,1024,0.02567972051781304,0.342965032951634,0.28820778104957384,0.3892459991345246,0.24655625974793335
Feedback Alignment,64,1,1024,0.017384968546440914,0.3632794972529686,0.2773894292545533,0.3974248998719992,0.25800462550171077
Feedback Alignment,64,2,1024,0.015323315450188642,0.29131435280425333,0.2557646124669398,0.42062978515168803,0.21299631110813855
Feedback Alignment,64,3,1024,0.0047851608899009785,0.3759334231564829,0.2550514205560315,0.36170820986751806,0.23371034481591707
Feedback Alignment,64,4,1024,0.014378402616721533,0.34339489697016845,0.2591458195446337,0.38194740155265694,0.24664952591901373
Feedback Alignment,96,0,2304,0.02368639767575585,0.3374477277751975,0.29458757222622517,0.3874846216539165,0.24546889548404532
Feedback Alignment,96,1,2304,0.014979438377170036,0.3606805076300543,0.2879057664515447,0.3956652596809877,0.25630849429663904
Feedback Alignment,96,2,2304,0.012778325136309625,0.2867738079264526,0.2617230364566531,0.4175206311872269,0.2118611850720714
Feedback Alignment,96,3,2304,0.0029798365559313643,0.37734286555209123,0.26562164983652586,0.3596578468956922,0.23278632512722877
Feedback Alignment,96,4,2304,0.01306005359417095,0.3417879748046575,0.27092180118097503,0.37994074057658,0.24685781719933841
Feedback Alignment,128,0,4096,0.022565818616268742,0.3344884586464919,0.3007915126483261,0.3874107800405123,0.24446823661918066
Feedback Alignment,128,1,4096,0.013782183981594453,0.35936569523687556,0.2968886232646001,0.3957530908008462,0.2548401642106885
Feedback Alignment,128,2,4096,0.011417410181138406,0.28443638509706426,0.2671393762367378,0.41670515032190075,0.21079587131444327
Feedback Alignment,128,3,4096,0.002261537108880705,0.37889444493880137,0.2740029978726682,0.3594342600791495,0.23215765088553872
Feedback Alignment,128,4,4096,0.01238036750082266,0.34133564235761304,0.2805425476224254,0.3802050518860437,0.2467205752599302
Feedback Alignment,160,0,6400,0.021927756649298514,0.33272066438687553,0.30582978932727156,0.38766122113986456,0.24364880087896712
Feedback Alignment,160,1,6400,0.013208914406441018,0.35875340386233284,0.30299291975011156,0.395992807857596,0.25387737045461345
Feedback Alignment,160,2,6400,0.010716420711706764,0.2829364680981921,0.2715284435874207,0.4167848443259561,0.21010824195522465
Feedback Alignment,160,3,6400,0.0021358624127998057,0.3801274639131335,0.27987802927987204,0.3599178880666131,0.23200396272564713
Feedback Alignment,160,4,6400,0.012125186778546468,0.34125541819657773,0.287718200252629,0.3806367928161496,0.24661904380695918
Feedback Alignment,224,0,12544,0.021196959810750173,0.3306490235126937,0.3140846368845218,0.3885153761363452,0.24221494738858337
Feedback Alignment,224,1,12544,0.012675335729894892,0.3571371741981363,0.3136109696281015,0.39733072281658405,0.25197127741244923
Feedback Alignment,224,2,12544,0.009757701355529814,0.28124009397868555,0.27850673738089493,0.417119639357897,0.20862164066168903
Feedback Alignment,224,3,12544,0.002177020010114633,0.3812980740067296,0.2893238495655433,0.3615031864936377,0.23128025656041434
Feedback Alignment,224,4,12544,0.011802121710857498,0.3404017212984087,0.2998496639941706,0.38214056347006475,0.24577219609796014
Predictive Coding,32,0,256,0.025456014872315066,0.40251307501754396,0.30766043974218266,0.46537387258141766,0.2630008509561806
Predictive Coding,32,1,256,0.022207360615377127,0.3420555470646098,0.2971035126570129,0.5096062519277387,0.2236794771090001
Predictive Coding,32,2,256,0.023603335197443134,0.37333810665512085,0.29230380460031147,0.42198597876458604,0.2673779707106477
Predictive Coding,32,3,256,0.016495497694379455,0.3310120241949899,0.30461487111937685,0.4269268454500363,0.20315373376856657
Predictive Coding,32,4,256,0.043487873835815115,0.3048610380364896,0.3417689008394621,0.49598000070750586,0.21203889309681873
Predictive Coding,64,0,1024,0.018913489868770145,0.4004382644540661,0.31026322239753346,0.44955962166718544,0.26093813214190364
Predictive Coding,64,1,1024,0.01853369457329261,0.34992398875912906,0.2989339844817389,0.4940151275499452,0.22666543636540998
Predictive Coding,64,2,1024,0.018983444069607495,0.3673018797959674,0.3090128962458698,0.4084875168311956,0.26521129223220186
Predictive Coding,64,3,1024,0.014780503147898662,0.3526668408322941,0.3063847794674144,0.4173519446870553,0.20923307294947177
Predictive Coding,64,4,1024,0.035227214179751117,0.30621023439369677,0.3520178242324938,0.474674355278823,0.21144454525732595
Predictive Coding,96,0,2304,0.015850683895081683,0.39993543966946354,0.31797129836223964,0.44315388694501434,0.26007902183133036
Predictive Coding,96,1,2304,0.016922458424255556,0.3530303961933283,0.3052063294006125,0.48891239526981284,0.22729582604752624
Predictive Coding,96,2,2304,0.016978744284261018,0.3638967276447149,0.3243887639831449,0.4046339481774056,0.26334719437208925
Predictive Coding,96,3,2304,0.01408505949331312,0.36090676410413686,0.31325655634292776,0.4153907701405535,0.21110328862695105
Predictive Coding,96,4,2304,0.030579873952129757,0.3056946296611076,0.3657698014455875,0.46651784699218746,0.2092973246422375
Predictive Coding,128,0,4096,0.014038983947223985,0.39986453480019657,0.32439222887904223,0.43961101943981723,0.25925224984343886
Predictive Coding,128,1,4096,0.016006357250387498,0.3546724211662842,0.3105371652888622,0.48668441262716367,0.22716511222300878
Predictive Coding,128,2,4096,0.016139615412054442,0.3619096648759408,0.33565239250873524,0.4033247842429138,0.2619027916694196
Predictive Coding,128,3,4096,0.013873421899600167,0.36463180534941386,0.3194712881094529,0.4154902245045634,0.21163998734705405
Predictive Coding,128,4,4096,0.028060783177336113,0.30532540847382056,0.3763154501488664,0.46212125570236123,0.20713787302417971
Predictive Coding,160,0,6400,0.013105400817803193,0.40004328319783444,0.32926610864886874,0.43764235194886425,0.2588141446738239
Predictive Coding,160,1,6400,0.015604610686076643,0.3556304798418015,0.314364182508602,0.4855971467300141,0.2271266305626019
Predictive Coding,160,2,6400,0.015807896452898106,0.3606463931888701,0.34360554112435177,0.40284735528372234,0.2608471170703214
Predictive Coding,160,3,6400,0.013936490088514138,0.3664727059755556,0.32376508553941225,0.41580355314740985,0.2118639128427315
Predictive Coding,160,4,6400,0.02680160734704256,0.30534396053884444,0.38374666759095544,0.45954589192296347,0.2057319821901673
Predictive Coding,224,0,12544,0.011865968722148077,0.4000221397752492,0.3377770669893096,0.43585642425098226,0.2574428338305317
Predictive Coding,224,1,12544,0.01518728116516328,0.3564618186369339,0.32093675142640965,0.4849777432963852,0.22652600016767724
Predictive Coding,224,2,12544,0.015508938005481945,0.3582901933856577,0.35624778254738504,0.4031558494489389,0.2584443178070059
Predictive Coding,224,3,12544,0.014214438008759406,0.36911709066483916,0.3315264470789657,0.4169209110354316,0.21182915339520275
Predictive Coding,224,4,12544,0.02488650080185655,0.3047966665007202,0.3962910207558777,0.4566215350577748,0.20280216656053662
STDP,32,0,256,0.06396834337134244,0.39613930277309306,0.4179639012463909,0.5036388704883457,0.241915117026293
STDP,32,1,256,0.060601271748128016,0.4091216585826087,0.36666772696228395,0.5581843939244365,0.26406273081822207
STDP,32,2,256,0.05501546868125835,0.33634013287350967,0.35248088485373646,0.5143297629855127,0.2189305705680278
STDP,32,3,256,0.05731530287578633,0.4036611475159467,0.3229771764680912,0.44210982601814974,0.3017445726237898
STDP,32,4,256,0.05915595268235315,0.38616271997838225,0.3919576551458399,0.5005004476642676,0.2470656972457719
STDP,64,0,1024,0.05806497777321315,0.4175146493195291,0.378326796098962,0.4707760753901002,0.2562832249546942
STDP,64,1,1024,0.05284813319638572,0.4055945477845663,0.3471324485637361,0.5241570496937792,0.2675810014939693
STDP,64,2,1024,0.045822344783923157,0.31431716509649177,0.3364503786062752,0.48499053221963895,0.21595179105391385
STDP,64,3,1024,0.04965527384833764,0.4056000186432165,0.3104455113747518,0.4191457556326404,0.303364923936984
STDP,64,4,1024,0.04994519842030637,0.35996912548450166,0.36693767438552305,0.46783298612162105,0.24090319847062974
STDP,96,0,2304,0.05256294288052348,0.4244113618621206,0.3650250370525577,0.4551773418541493,0.2611352790705398
STDP,96,1,2304,0.048114780086981196,0.40152987440951293,0.3444436680011043,0.5064430315781322,0.2683439658326129
STDP,96,2,2304,0.04025606713442323,0.3045197535518619,0.3331996613517523,0.4712973619129914,0.2145023329011365
STDP,96,3,2304,0.045723502391001584,0.40576233265949574,0.3130673152655039,0.41118390061150856,0.30297956478151217
STDP,96,4,2304,0.043181943715852135,0.34718213275489695,0.357948661123076,0.45144275794706634,0.23800254018777303
STDP,128,0,4096,0.04870776757681668,0.4279953102346029,0.3592075489148602,0.44558450627801965,0.2631190722439158
STDP,128,1,4096,0.0449232634919679,0.3971610846988871,0.34597022056501203,0.49637975258202427,0.26786274318929937
STDP,128,2,4096,0.036538393508962666,0.2986663698134014,0.3333684950384642,0.4631420779517074,0.2128766028619851
STDP,128,3,4096,0.043691676147675294,0.40607468647161854,0.3166094881847188,0.40649739077164504,0.302598318354361
STDP,128,4,4096,0.03881950470289049,0.33833156111215074,0.35435685099778236,0.44172277196946624,0.23555551576963638
STDP,160,0,6400,0.04644041343677472,0.4301007598689071,0.35760081815322337,0.44028077518536346,0.2641692233536193
STDP,160,1,6400,0.043097115385399516,0.39440398516120595,0.3483719375845297,0.490982385097648,0.26733168338732305
STDP,160,2,6400,0.03422667582758058,0.29478394308122235,0.3346435000125297,0.4583149151111375,0.21151750546534134
STDP,160,3,6400,0.042612547118752044,0.40580640050442623,0.3200527265235105,0.40403200160958275,0.3019829498233006
STDP,160,4,6400,0.03606147918218832,0.3332011502114392,0.3526824061229252,0.43539856544031014,0.23395626090149968
STDP,224,0,12544,0.042777357809766804,0.43291809651371455,0.3564696481653911,0.4335965930127192,0.2649638068973391
STDP,224,1,12544,0.039927079097591515,0.38949538577374027,0.3540448831717172,0.4841175438650233,0.26560972133273375
STDP,224,2,12544,0.030777592309774438,0.2888731080537334,0.33718743445257177,0.4517442891521034,0.2090534690698568
STDP,224,3,12544,0.041044796841617,0.4048955307650392,0.3265095721313871,0.4012401221579896,0.30063721504029234
STDP,224,4,12544,0.03156615060788203,0.3258512859360184,0.35209788068685305,0.4268740365838304,0.23109709187514046
