rule,layer,region,res,rho,ci_lo,ci_hi,n_stim
random,Conv2,V4,224,0.038012,0.023864,0.055018,3200
random,FC1,IT,224,0.101989,0.083015,0.121731,3200
random,Conv1,V1,224,0.178069,0.110301,0.289941,135
random,Conv1,V2,224,0.151686,0.075694,0.277417,135
random,Conv2,V4,32,0.038562,0.024245,0.056124,3200
random,FC1,IT,32,0.104643,0.085441,0.126419,3200
random,Conv1,V1,32,0.384608,0.310756,0.492519,135
random,Conv1,V2,32,0.207406,0.130364,0.325051,135
backprop,Conv2,V4,224,0.036686,0.025019,0.049736,3200
backprop,FC1,IT,224,0.072322,0.054511,0.090079,3200
backprop,Conv1,V1,224,0.156453,0.10977,0.25161,135
backprop,Conv1,V2,224,0.195771,0.146954,0.292019,135
backprop,Conv2,V4,32,0.042873,0.030659,0.057525,3200
backprop,FC1,IT,32,0.130636,0.110222,0.152665,3200
backprop,Conv1,V1,32,0.383138,0.307481,0.490813,135
backprop,Conv1,V2,32,0.370714,0.312568,0.468908,135
feedback_alignment,Conv2,V4,224,0.038817,0.025952,0.054652,3200
feedback_alignment,FC1,IT,224,0.08902,0.073193,0.105849,3200
feedback_alignment,Conv1,V1,224,0.158418,0.10675,0.256425,135
feedback_alignment,Conv1,V2,224,0.177007,0.124058,0.275233,135
feedback_alignment,Conv2,V4,32,0.039739,0.026459,0.055839,3200
feedback_alignment,FC1,IT,32,0.087158,0.071252,0.104234,3200
feedback_alignment,Conv1,V1,32,0.298524,0.225937,0.402195,135
feedback_alignment,Conv1,V2,32,0.302488,0.230738,0.416206,135
predictive_coding,Conv2,V4,224,0.039505,0.02618,0.05538,3200
predictive_coding,FC1,IT,224,0.096105,0.079782,0.112213,3200
predictive_coding,Conv1,V1,224,0.177668,0.125362,0.278807,135
predictive_coding,Conv1,V2,224,0.16532,0.109484,0.268248,135
predictive_coding,Conv2,V4,32,0.039211,0.025742,0.054956,3200
predictive_coding,FC1,IT,32,0.112079,0.094773,0.130178,3200
predictive_coding,Conv1,V1,32,0.326726,0.242105,0.449449,135
predictive_coding,Conv1,V2,32,0.268996,0.19179,0.39135,135
stdp,Conv2,V4,224,0.055107,0.03902,0.074532,3200
stdp,FC1,IT,224,0.148537,0.129654,0.166922,3200
stdp,Conv1,V1,224,0.266491,0.205223,0.36825,135
stdp,Conv1,V2,224,0.21068,0.148444,0.3126,135
stdp,Conv2,V4,32,0.05812,0.041465,0.077537,3200
stdp,FC1,IT,32,0.13709,0.119359,0.156665,3200
stdp,Conv1,V1,32,0.356558,0.278407,0.471224,135
stdp,Conv1,V2,32,0.272218,0.209262,0.37343,135
