rule,roi,layer,res,rho,ci_lo,ci_hi,n_stim
resnet50,V1,layer1,32,0.044965,0.032096,0.057711,720
resnet50,V2,layer1,32,0.045903,0.033921,0.056458,720
resnet50,V4,layer2,32,0.0338,0.02595,0.043096,720
resnet50,IT,layer4,32,0.030806,0.025405,0.036028,720
resnet50,V1,layer1,64,0.04043,0.027426,0.052963,720
resnet50,V2,layer1,64,0.042076,0.029527,0.054152,720
resnet50,V4,layer2,64,0.032972,0.025277,0.042674,720
resnet50,IT,layer4,64,0.044041,0.038201,0.049365,720
resnet50,V1,layer1,96,0.038976,0.026303,0.051463,720
resnet50,V2,layer1,96,0.038965,0.026836,0.051051,720
resnet50,V4,layer2,96,0.029371,0.021637,0.038779,720
resnet50,IT,layer4,96,0.044789,0.039227,0.050318,720
resnet50,V1,layer1,128,0.036813,0.024263,0.049332,720
resnet50,V2,layer1,128,0.036178,0.023803,0.04833,720
resnet50,V4,layer2,128,0.027379,0.020129,0.036735,720
resnet50,IT,layer4,128,0.047841,0.04241,0.054049,720
resnet50,V1,layer1,160,0.034573,0.022162,0.047082,720
resnet50,V2,layer1,160,0.033848,0.021693,0.045454,720
resnet50,V4,layer2,160,0.025707,0.018444,0.035333,720
resnet50,IT,layer4,160,0.046124,0.040335,0.052224,720
resnet50,V1,layer1,224,0.032465,0.020606,0.04458,720
resnet50,V2,layer1,224,0.031286,0.020103,0.042362,720
resnet50,V4,layer2,224,0.023029,0.015888,0.032477,720
resnet50,IT,layer4,224,0.042523,0.036747,0.048767,720
