model,res,align_v1,sim_gabor,sim_pixel
cnn_random,32,0.070563,0.018969,0.021976
cnn_backprop,32,0.06285,0.023491,0.02123
resnet50,32,0.044965,0.222114,0.05943
GABOR,32,0.017915,1.0,0.012689
PIXEL,32,0.011358,0.012689,1.0
cnn_random,64,0.075849,0.031355,0.020157
cnn_backprop,64,0.051337,0.01981,0.016601
resnet50,64,0.04043,0.305233,0.028614
GABOR,64,0.020532,1.0,0.005845
PIXEL,64,0.011358,0.005845,1.0
cnn_random,96,0.07899,0.034561,0.019741
cnn_backprop,96,0.042194,0.017849,0.015982
resnet50,96,0.038976,0.305895,0.022565
GABOR,96,0.026914,1.0,0.001894
PIXEL,96,0.011358,0.001894,1.0
cnn_random,128,0.080902,0.034155,0.01955
cnn_backprop,128,0.035947,0.018408,0.015866
resnet50,128,0.036813,0.286393,0.01993
GABOR,128,0.030745,1.0,0.000425
PIXEL,128,0.011358,0.000425,1.0
cnn_random,160,0.082195,0.032774,0.019427
cnn_backprop,160,0.032522,0.01957,0.015771
resnet50,160,0.034573,0.268682,0.017062
GABOR,160,0.033967,1.0,-0.000459
PIXEL,160,0.011358,-0.000459,1.0
cnn_random,224,0.083977,0.031493,0.019245
cnn_backprop,224,0.026648,0.020166,0.015658
resnet50,224,0.032465,0.242859,0.01246
GABOR,224,0.036871,1.0,0.000246
PIXEL,224,0.011358,0.000246,1.0
